4,36,DOVXHgAucMZ59gf0/mc5Lkt1E+Y=,ySxXfZRKuM5KRD/uahCNfnfcnCQ=
5,33,Tvt3yodUbwd8Itcf6dbwsalN6ZE=,ySxXfZRKuM5KRD/uahCNfnfcnCQ=
7,39,Tvt3yodUbwd8Itcf6dbwsalN6ZE=,ySxXfZRKuM5KRD/uahCNfnfcnCQ=
6,39,Tvt3yodUbwd8Itcf6dbwsalN6ZE=,ySxXfZRKuM5KRD/uahCNfnfcnCQ=
5,39,Tvt3yodUbwd8Itcf6dbwsalN6ZE=,ySxXfZRKuM5KRD/uahCNfnfcnCQ=
4,39,Tvt3yodUbwd8Itcf6dbwsalN6ZE=,ySxXfZRKuM5KRD/uahCNfnfcnCQ=
3,39,Tvt3yodUbwd8Itcf6dbwsalN6ZE=,ySxXfZRKuM5KRD/uahCNfnfcnCQ=
2,39,Tvt3yodUbwd8Itcf6dbwsalN6ZE=,ySxXfZRKuM5KRD/uahCNfnfcnCQ=
1,39,Tvt3yodUbwd8Itcf6dbwsalN6ZE=,ySxXfZRKuM5KRD/uahCNfnfcnCQ=
0,39,Tvt3yodUbwd8Itcf6dbwsalN6ZE=,ySxXfZRKuM5KRD/uahCNfnfcnCQ=
7,38,DOVXHgAucMZ59gf0/mc5Lkt1E+Y=,ySxXfZRKuM5KRD/uahCNfnfcnCQ=
6,38,Tvt3yodUbwd8Itcf6dbwsalN6ZE=,ySxXfZRKuM5KRD/uahCNfnfcnCQ=
5,38,WQaVk6Er2VMVDxTtPtimIX3EXs4=,ySxXfZRKuM5KRD/uahCNfnfcnCQ=
4,38,DOVXHgAucMZ59gf0/mc5Lkt1E+Y=,ySxXfZRKuM5KRD/uahCNfnfcnCQ=
3,38,DOVXHgAucMZ59gf0/mc5Lkt1E+Y=,ySxXfZRKuM5KRD/uahCNfnfcnCQ=
2,38,DOVXHgAucMZ59gf0/mc5Lkt1E+Y=,ySxXfZRKuM5KRD/uahCNfnfcnCQ=
5,37,DOVXHgAucMZ59gf0/mc5Lkt1E+Y=,ySxXfZRKuM5KRD/uahCNfnfcnCQ=
4,37,DOVXHgAucMZ59gf0/mc5Lkt1E+Y=,ySxXfZRKuM5KRD/uahCNfnfcnCQ=
1,38,DOVXHgAucMZ59gf0/mc5Lkt1E+Y=,ySxXfZRKuM5KRD/uahCNfnfcnCQ=
7,37,Tvt3yodUbwd8Itcf6dbwsalN6ZE=,ySxXfZRKuM5KRD/uahCNfnfcnCQ=
6,37,Tvt3yodUbwd8Itcf6dbwsalN6ZE=,ySxXfZRKuM5KRD/uahCNfnfcnCQ=
3,37,DOVXHgAucMZ59gf0/mc5Lkt1E+Y=,ySxXfZRKuM5KRD/uahCNfnfcnCQ=
2,37,DOVXHgAucMZ59gf0/mc5Lkt1E+Y=,ySxXfZRKuM5KRD/uahCNfnfcnCQ=
7,35,DOVXHgAucMZ59gf0/mc5Lkt1E+Y=,ySxXfZRKuM5KRD/uahCNfnfcnCQ=
7,36,DOVXHgAucMZ59gf0/mc5Lkt1E+Y=,ySxXfZRKuM5KRD/uahCNfnfcnCQ=
6,36,DOVXHgAucMZ59gf0/mc5Lkt1E+Y=,ySxXfZRKuM5KRD/uahCNfnfcnCQ=
5,36,DOVXHgAucMZ59gf0/mc5Lkt1E+Y=,ySxXfZRKuM5KRD/uahCNfnfcnCQ=
7,34,DOVXHgAucMZ59gf0/mc5Lkt1E+Y=,ySxXfZRKuM5KRD/uahCNfnfcnCQ=
6,34,DOVXHgAucMZ59gf0/mc5Lkt1E+Y=,ySxXfZRKuM5KRD/uahCNfnfcnCQ=
7,33,DOVXHgAucMZ59gf0/mc5Lkt1E+Y=,ySxXfZRKuM5KRD/uahCNfnfcnCQ=
6,33,Tvt3yodUbwd8Itcf6dbwsalN6ZE=,ySxXfZRKuM5KRD/uahCNfnfcnCQ=
6,35,Tvt3yodUbwd8Itcf6dbwsalN6ZE=,ySxXfZRKuM5KRD/uahCNfnfcnCQ=
5,34,DOVXHgAucMZ59gf0/mc5Lkt1E+Y=,ySxXfZRKuM5KRD/uahCNfnfcnCQ=
5,35,Tvt3yodUbwd8Itcf6dbwsalN6ZE=,ySxXfZRKuM5KRD/uahCNfnfcnCQ=
5,32,DOVXHgAucMZ59gf0/mc5Lkt1E+Y=,ySxXfZRKuM5KRD/uahCNfnfcnCQ=
6,32,DOVXHgAucMZ59gf0/mc5Lkt1E+Y=,ySxXfZRKuM5KRD/uahCNfnfcnCQ=
0,38,DOVXHgAucMZ59gf0/mc5Lkt1E+Y=,ySxXfZRKuM5KRD/uahCNfnfcnCQ=
3,36,DOVXHgAucMZ59gf0/mc5Lkt1E+Y=,ySxXfZRKuM5KRD/uahCNfnfcnCQ=
0,37,DOVXHgAucMZ59gf0/mc5Lkt1E+Y=,ySxXfZRKuM5KRD/uahCNfnfcnCQ=
1,37,DOVXHgAucMZ59gf0/mc5Lkt1E+Y=,ySxXfZRKuM5KRD/uahCNfnfcnCQ=
4,32,DOVXHgAucMZ59gf0/mc5Lkt1E+Y=,ySxXfZRKuM5KRD/uahCNfnfcnCQ=
4,34,DOVXHgAucMZ59gf0/mc5Lkt1E+Y=,ySxXfZRKuM5KRD/uahCNfnfcnCQ=
7,32,DOVXHgAucMZ59gf0/mc5Lkt1E+Y=,ySxXfZRKuM5KRD/uahCNfnfcnCQ=
0,36,DOVXHgAucMZ59gf0/mc5Lkt1E+Y=,ySxXfZRKuM5KRD/uahCNfnfcnCQ=
1,32,WQaVk6Er2VMVDxTtPtimIX3EXs4=,ySxXfZRKuM5KRD/uahCNfnfcnCQ=
4,35,DOVXHgAucMZ59gf0/mc5Lkt1E+Y=,ySxXfZRKuM5KRD/uahCNfnfcnCQ=
1,36,DOVXHgAucMZ59gf0/mc5Lkt1E+Y=,ySxXfZRKuM5KRD/uahCNfnfcnCQ=
2,36,DOVXHgAucMZ59gf0/mc5Lkt1E+Y=,ySxXfZRKuM5KRD/uahCNfnfcnCQ=
3,32,DOVXHgAucMZ59gf0/mc5Lkt1E+Y=,ySxXfZRKuM5KRD/uahCNfnfcnCQ=
3,33,DOVXHgAucMZ59gf0/mc5Lkt1E+Y=,ySxXfZRKuM5KRD/uahCNfnfcnCQ=
2,34,DOVXHgAucMZ59gf0/mc5Lkt1E+Y=,ySxXfZRKuM5KRD/uahCNfnfcnCQ=
4,33,WQaVk6Er2VMVDxTtPtimIX3EXs4=,ySxXfZRKuM5KRD/uahCNfnfcnCQ=
0,32,WQaVk6Er2VMVDxTtPtimIX3EXs4=,ySxXfZRKuM5KRD/uahCNfnfcnCQ=
1,33,DOVXHgAucMZ59gf0/mc5Lkt1E+Y=,ySxXfZRKuM5KRD/uahCNfnfcnCQ=
3,34,DOVXHgAucMZ59gf0/mc5Lkt1E+Y=,ySxXfZRKuM5KRD/uahCNfnfcnCQ=
2,33,m+KxryXjznMv/ANHo2GUajk92fo=,ySxXfZRKuM5KRD/uahCNfnfcnCQ=
0,33,DOVXHgAucMZ59gf0/mc5Lkt1E+Y=,ySxXfZRKuM5KRD/uahCNfnfcnCQ=
1,34,DOVXHgAucMZ59gf0/mc5Lkt1E+Y=,ySxXfZRKuM5KRD/uahCNfnfcnCQ=
2,32,DOVXHgAucMZ59gf0/mc5Lkt1E+Y=,ySxXfZRKuM5KRD/uahCNfnfcnCQ=
0,35,DOVXHgAucMZ59gf0/mc5Lkt1E+Y=,ySxXfZRKuM5KRD/uahCNfnfcnCQ=
3,35,WQaVk6Er2VMVDxTtPtimIX3EXs4=,ySxXfZRKuM5KRD/uahCNfnfcnCQ=
1,35,DOVXHgAucMZ59gf0/mc5Lkt1E+Y=,ySxXfZRKuM5KRD/uahCNfnfcnCQ=
2,35,DOVXHgAucMZ59gf0/mc5Lkt1E+Y=,ySxXfZRKuM5KRD/uahCNfnfcnCQ=
0,34,DOVXHgAucMZ59gf0/mc5Lkt1E+Y=,ySxXfZRKuM5KRD/uahCNfnfcnCQ=
