46,-19,xZBZdMy75h+q7mJCzVi62wdSI40=,nhPURTfTaU7Ivd/LueNTDHsNq+4=
45,-19,xZBZdMy75h+q7mJCzVi62wdSI40=,nhPURTfTaU7Ivd/LueNTDHsNq+4=
45,-20,xZBZdMy75h+q7mJCzVi62wdSI40=,nhPURTfTaU7Ivd/LueNTDHsNq+4=
44,-20,xZBZdMy75h+q7mJCzVi62wdSI40=,nhPURTfTaU7Ivd/LueNTDHsNq+4=
41,-22,xZBZdMy75h+q7mJCzVi62wdSI40=,nhPURTfTaU7Ivd/LueNTDHsNq+4=
46,-23,xZBZdMy75h+q7mJCzVi62wdSI40=,nhPURTfTaU7Ivd/LueNTDHsNq+4=
45,-23,xZBZdMy75h+q7mJCzVi62wdSI40=,nhPURTfTaU7Ivd/LueNTDHsNq+4=
43,-21,xZBZdMy75h+q7mJCzVi62wdSI40=,nhPURTfTaU7Ivd/LueNTDHsNq+4=
42,-21,xZBZdMy75h+q7mJCzVi62wdSI40=,nhPURTfTaU7Ivd/LueNTDHsNq+4=
44,-19,xZBZdMy75h+q7mJCzVi62wdSI40=,nhPURTfTaU7Ivd/LueNTDHsNq+4=
43,-20,xZBZdMy75h+q7mJCzVi62wdSI40=,nhPURTfTaU7Ivd/LueNTDHsNq+4=
46,-18,xZBZdMy75h+q7mJCzVi62wdSI40=,nhPURTfTaU7Ivd/LueNTDHsNq+4=
45,-18,xZBZdMy75h+q7mJCzVi62wdSI40=,nhPURTfTaU7Ivd/LueNTDHsNq+4=
44,-18,xZBZdMy75h+q7mJCzVi62wdSI40=,nhPURTfTaU7Ivd/LueNTDHsNq+4=
42,-20,xZBZdMy75h+q7mJCzVi62wdSI40=,nhPURTfTaU7Ivd/LueNTDHsNq+4=
44,-23,xZBZdMy75h+q7mJCzVi62wdSI40=,nhPURTfTaU7Ivd/LueNTDHsNq+4=
41,-20,xZBZdMy75h+q7mJCzVi62wdSI40=,nhPURTfTaU7Ivd/LueNTDHsNq+4=
43,-23,xZBZdMy75h+q7mJCzVi62wdSI40=,nhPURTfTaU7Ivd/LueNTDHsNq+4=
42,-23,xZBZdMy75h+q7mJCzVi62wdSI40=,nhPURTfTaU7Ivd/LueNTDHsNq+4=
43,-18,xZBZdMy75h+q7mJCzVi62wdSI40=,nhPURTfTaU7Ivd/LueNTDHsNq+4=
41,-21,xZBZdMy75h+q7mJCzVi62wdSI40=,nhPURTfTaU7Ivd/LueNTDHsNq+4=
41,-23,xZBZdMy75h+q7mJCzVi62wdSI40=,nhPURTfTaU7Ivd/LueNTDHsNq+4=
46,-21,xZBZdMy75h+q7mJCzVi62wdSI40=,nhPURTfTaU7Ivd/LueNTDHsNq+4=
43,-19,xZBZdMy75h+q7mJCzVi62wdSI40=,nhPURTfTaU7Ivd/LueNTDHsNq+4=
42,-19,xZBZdMy75h+q7mJCzVi62wdSI40=,nhPURTfTaU7Ivd/LueNTDHsNq+4=
41,-19,xZBZdMy75h+q7mJCzVi62wdSI40=,nhPURTfTaU7Ivd/LueNTDHsNq+4=
46,-20,xZBZdMy75h+q7mJCzVi62wdSI40=,nhPURTfTaU7Ivd/LueNTDHsNq+4=
45,-21,xZBZdMy75h+q7mJCzVi62wdSI40=,nhPURTfTaU7Ivd/LueNTDHsNq+4=
46,-22,xZBZdMy75h+q7mJCzVi62wdSI40=,nhPURTfTaU7Ivd/LueNTDHsNq+4=
45,-22,xZBZdMy75h+q7mJCzVi62wdSI40=,nhPURTfTaU7Ivd/LueNTDHsNq+4=
44,-22,xZBZdMy75h+q7mJCzVi62wdSI40=,nhPURTfTaU7Ivd/LueNTDHsNq+4=
43,-22,xZBZdMy75h+q7mJCzVi62wdSI40=,nhPURTfTaU7Ivd/LueNTDHsNq+4=
42,-22,xZBZdMy75h+q7mJCzVi62wdSI40=,nhPURTfTaU7Ivd/LueNTDHsNq+4=
44,-21,xZBZdMy75h+q7mJCzVi62wdSI40=,nhPURTfTaU7Ivd/LueNTDHsNq+4=
42,-24,xZBZdMy75h+q7mJCzVi62wdSI40=,nhPURTfTaU7Ivd/LueNTDHsNq+4=
46,-24,xZBZdMy75h+q7mJCzVi62wdSI40=,nhPURTfTaU7Ivd/LueNTDHsNq+4=
44,-24,xZBZdMy75h+q7mJCzVi62wdSI40=,nhPURTfTaU7Ivd/LueNTDHsNq+4=
41,-24,xZBZdMy75h+q7mJCzVi62wdSI40=,nhPURTfTaU7Ivd/LueNTDHsNq+4=
43,-24,xZBZdMy75h+q7mJCzVi62wdSI40=,nhPURTfTaU7Ivd/LueNTDHsNq+4=
45,-24,xZBZdMy75h+q7mJCzVi62wdSI40=,nhPURTfTaU7Ivd/LueNTDHsNq+4=
36,-23,xZBZdMy75h+q7mJCzVi62wdSI40=,V6nLtG0dbp4AcDroqBf6MWt75gI=
35,-23,xZBZdMy75h+q7mJCzVi62wdSI40=,V6nLtG0dbp4AcDroqBf6MWt75gI=
34,-23,xZBZdMy75h+q7mJCzVi62wdSI40=,V6nLtG0dbp4AcDroqBf6MWt75gI=
39,-19,xZBZdMy75h+q7mJCzVi62wdSI40=,V6nLtG0dbp4AcDroqBf6MWt75gI=
38,-19,xZBZdMy75h+q7mJCzVi62wdSI40=,V6nLtG0dbp4AcDroqBf6MWt75gI=
37,-19,xZBZdMy75h+q7mJCzVi62wdSI40=,V6nLtG0dbp4AcDroqBf6MWt75gI=
39,-20,xZBZdMy75h+q7mJCzVi62wdSI40=,V6nLtG0dbp4AcDroqBf6MWt75gI=
40,-20,xZBZdMy75h+q7mJCzVi62wdSI40=,nhPURTfTaU7Ivd/LueNTDHsNq+4=
38,-20,xZBZdMy75h+q7mJCzVi62wdSI40=,V6nLtG0dbp4AcDroqBf6MWt75gI=
37,-20,xZBZdMy75h+q7mJCzVi62wdSI40=,V6nLtG0dbp4AcDroqBf6MWt75gI=
39,-21,xZBZdMy75h+q7mJCzVi62wdSI40=,V6nLtG0dbp4AcDroqBf6MWt75gI=
38,-21,xZBZdMy75h+q7mJCzVi62wdSI40=,V6nLtG0dbp4AcDroqBf6MWt75gI=
37,-21,xZBZdMy75h+q7mJCzVi62wdSI40=,V6nLtG0dbp4AcDroqBf6MWt75gI=
36,-21,xZBZdMy75h+q7mJCzVi62wdSI40=,V6nLtG0dbp4AcDroqBf6MWt75gI=
39,-22,xZBZdMy75h+q7mJCzVi62wdSI40=,V6nLtG0dbp4AcDroqBf6MWt75gI=
40,-19,xZBZdMy75h+q7mJCzVi62wdSI40=,nhPURTfTaU7Ivd/LueNTDHsNq+4=
38,-22,xZBZdMy75h+q7mJCzVi62wdSI40=,V6nLtG0dbp4AcDroqBf6MWt75gI=
37,-22,xZBZdMy75h+q7mJCzVi62wdSI40=,V6nLtG0dbp4AcDroqBf6MWt75gI=
36,-22,xZBZdMy75h+q7mJCzVi62wdSI40=,V6nLtG0dbp4AcDroqBf6MWt75gI=
35,-22,xZBZdMy75h+q7mJCzVi62wdSI40=,V6nLtG0dbp4AcDroqBf6MWt75gI=
40,-22,xZBZdMy75h+q7mJCzVi62wdSI40=,nhPURTfTaU7Ivd/LueNTDHsNq+4=
40,-23,xZBZdMy75h+q7mJCzVi62wdSI40=,nhPURTfTaU7Ivd/LueNTDHsNq+4=
40,-21,xZBZdMy75h+q7mJCzVi62wdSI40=,nhPURTfTaU7Ivd/LueNTDHsNq+4=
34,-22,xZBZdMy75h+q7mJCzVi62wdSI40=,V6nLtG0dbp4AcDroqBf6MWt75gI=
39,-23,xZBZdMy75h+q7mJCzVi62wdSI40=,V6nLtG0dbp4AcDroqBf6MWt75gI=
38,-23,xZBZdMy75h+q7mJCzVi62wdSI40=,V6nLtG0dbp4AcDroqBf6MWt75gI=
37,-23,xZBZdMy75h+q7mJCzVi62wdSI40=,V6nLtG0dbp4AcDroqBf6MWt75gI=
38,-31,muHeE/jOoFti21Nx+JUJgMKcpQQ=,HWXpvmxsI7rMo4yIkepa3H/5WOk=
38,-32,wDg6Gf3MCNDyP0/cL/+b/rjprms=,HWXpvmxsI7rMo4yIkepa3H/5WOk=
37,-32,wDg6Gf3MCNDyP0/cL/+b/rjprms=,HWXpvmxsI7rMo4yIkepa3H/5WOk=
39,-24,muHeE/jOoFti21Nx+JUJgMKcpQQ=,V6nLtG0dbp4AcDroqBf6MWt75gI=
38,-24,muHeE/jOoFti21Nx+JUJgMKcpQQ=,V6nLtG0dbp4AcDroqBf6MWt75gI=
37,-24,muHeE/jOoFti21Nx+JUJgMKcpQQ=,V6nLtG0dbp4AcDroqBf6MWt75gI=
36,-24,muHeE/jOoFti21Nx+JUJgMKcpQQ=,V6nLtG0dbp4AcDroqBf6MWt75gI=
35,-24,muHeE/jOoFti21Nx+JUJgMKcpQQ=,V6nLtG0dbp4AcDroqBf6MWt75gI=
39,-25,muHeE/jOoFti21Nx+JUJgMKcpQQ=,HWXpvmxsI7rMo4yIkepa3H/5WOk=
38,-25,muHeE/jOoFti21Nx+JUJgMKcpQQ=,HWXpvmxsI7rMo4yIkepa3H/5WOk=
37,-25,muHeE/jOoFti21Nx+JUJgMKcpQQ=,HWXpvmxsI7rMo4yIkepa3H/5WOk=
36,-25,muHeE/jOoFti21Nx+JUJgMKcpQQ=,HWXpvmxsI7rMo4yIkepa3H/5WOk=
39,-26,muHeE/jOoFti21Nx+JUJgMKcpQQ=,HWXpvmxsI7rMo4yIkepa3H/5WOk=
38,-26,muHeE/jOoFti21Nx+JUJgMKcpQQ=,HWXpvmxsI7rMo4yIkepa3H/5WOk=
37,-26,muHeE/jOoFti21Nx+JUJgMKcpQQ=,HWXpvmxsI7rMo4yIkepa3H/5WOk=
36,-26,muHeE/jOoFti21Nx+JUJgMKcpQQ=,HWXpvmxsI7rMo4yIkepa3H/5WOk=
39,-27,muHeE/jOoFti21Nx+JUJgMKcpQQ=,HWXpvmxsI7rMo4yIkepa3H/5WOk=
38,-27,muHeE/jOoFti21Nx+JUJgMKcpQQ=,HWXpvmxsI7rMo4yIkepa3H/5WOk=
37,-27,muHeE/jOoFti21Nx+JUJgMKcpQQ=,HWXpvmxsI7rMo4yIkepa3H/5WOk=
36,-27,muHeE/jOoFti21Nx+JUJgMKcpQQ=,HWXpvmxsI7rMo4yIkepa3H/5WOk=
35,-27,muHeE/jOoFti21Nx+JUJgMKcpQQ=,HWXpvmxsI7rMo4yIkepa3H/5WOk=
40,-24,muHeE/jOoFti21Nx+JUJgMKcpQQ=,nhPURTfTaU7Ivd/LueNTDHsNq+4=
39,-28,muHeE/jOoFti21Nx+JUJgMKcpQQ=,HWXpvmxsI7rMo4yIkepa3H/5WOk=
38,-28,muHeE/jOoFti21Nx+JUJgMKcpQQ=,HWXpvmxsI7rMo4yIkepa3H/5WOk=
37,-28,muHeE/jOoFti21Nx+JUJgMKcpQQ=,HWXpvmxsI7rMo4yIkepa3H/5WOk=
36,-28,muHeE/jOoFti21Nx+JUJgMKcpQQ=,HWXpvmxsI7rMo4yIkepa3H/5WOk=
35,-28,muHeE/jOoFti21Nx+JUJgMKcpQQ=,HWXpvmxsI7rMo4yIkepa3H/5WOk=
39,-29,muHeE/jOoFti21Nx+JUJgMKcpQQ=,HWXpvmxsI7rMo4yIkepa3H/5WOk=
38,-29,muHeE/jOoFti21Nx+JUJgMKcpQQ=,HWXpvmxsI7rMo4yIkepa3H/5WOk=
37,-29,muHeE/jOoFti21Nx+JUJgMKcpQQ=,HWXpvmxsI7rMo4yIkepa3H/5WOk=
36,-29,muHeE/jOoFti21Nx+JUJgMKcpQQ=,HWXpvmxsI7rMo4yIkepa3H/5WOk=
39,-30,muHeE/jOoFti21Nx+JUJgMKcpQQ=,HWXpvmxsI7rMo4yIkepa3H/5WOk=
38,-30,muHeE/jOoFti21Nx+JUJgMKcpQQ=,HWXpvmxsI7rMo4yIkepa3H/5WOk=
37,-30,muHeE/jOoFti21Nx+JUJgMKcpQQ=,HWXpvmxsI7rMo4yIkepa3H/5WOk=
39,-31,muHeE/jOoFti21Nx+JUJgMKcpQQ=,HWXpvmxsI7rMo4yIkepa3H/5WOk=
39,-32,wDg6Gf3MCNDyP0/cL/+b/rjprms=,HWXpvmxsI7rMo4yIkepa3H/5WOk=
47,-19,wDg6Gf3MCNDyP0/cL/+b/rjprms=,nhPURTfTaU7Ivd/LueNTDHsNq+4=
47,-22,wDg6Gf3MCNDyP0/cL/+b/rjprms=,nhPURTfTaU7Ivd/LueNTDHsNq+4=
47,-20,wDg6Gf3MCNDyP0/cL/+b/rjprms=,nhPURTfTaU7Ivd/LueNTDHsNq+4=
47,-21,wDg6Gf3MCNDyP0/cL/+b/rjprms=,nhPURTfTaU7Ivd/LueNTDHsNq+4=
47,-23,wDg6Gf3MCNDyP0/cL/+b/rjprms=,nhPURTfTaU7Ivd/LueNTDHsNq+4=
47,-18,wDg6Gf3MCNDyP0/cL/+b/rjprms=,nhPURTfTaU7Ivd/LueNTDHsNq+4=
37,-31,wDg6Gf3MCNDyP0/cL/+b/rjprms=,HWXpvmxsI7rMo4yIkepa3H/5WOk=
36,-30,wDg6Gf3MCNDyP0/cL/+b/rjprms=,HWXpvmxsI7rMo4yIkepa3H/5WOk=
36,-31,lIFAx32uL/er0YIWi7cInxQLERk=,HWXpvmxsI7rMo4yIkepa3H/5WOk=
36,-32,wDg6Gf3MCNDyP0/cL/+b/rjprms=,HWXpvmxsI7rMo4yIkepa3H/5WOk=
47,-17,wDg6Gf3MCNDyP0/cL/+b/rjprms=,nhPURTfTaU7Ivd/LueNTDHsNq+4=
39,-17,muHeE/jOoFti21Nx+JUJgMKcpQQ=,V6nLtG0dbp4AcDroqBf6MWt75gI=
46,-17,xZBZdMy75h+q7mJCzVi62wdSI40=,nhPURTfTaU7Ivd/LueNTDHsNq+4=
45,-17,xZBZdMy75h+q7mJCzVi62wdSI40=,nhPURTfTaU7Ivd/LueNTDHsNq+4=
44,-17,xZBZdMy75h+q7mJCzVi62wdSI40=,nhPURTfTaU7Ivd/LueNTDHsNq+4=
47,-24,wDg6Gf3MCNDyP0/cL/+b/rjprms=,nhPURTfTaU7Ivd/LueNTDHsNq+4=
43,-17,muHeE/jOoFti21Nx+JUJgMKcpQQ=,nhPURTfTaU7Ivd/LueNTDHsNq+4=
38,-17,muHeE/jOoFti21Nx+JUJgMKcpQQ=,V6nLtG0dbp4AcDroqBf6MWt75gI=
42,-17,muHeE/jOoFti21Nx+JUJgMKcpQQ=,nhPURTfTaU7Ivd/LueNTDHsNq+4=
37,-17,wDg6Gf3MCNDyP0/cL/+b/rjprms=,V6nLtG0dbp4AcDroqBf6MWt75gI=
32,-18,2qoXTO1Pc7uQExFiabNoYHlqFG4=,V6nLtG0dbp4AcDroqBf6MWt75gI=
41,-17,muHeE/jOoFti21Nx+JUJgMKcpQQ=,nhPURTfTaU7Ivd/LueNTDHsNq+4=
32,-17,wDg6Gf3MCNDyP0/cL/+b/rjprms=,V6nLtG0dbp4AcDroqBf6MWt75gI=
39,-18,muHeE/jOoFti21Nx+JUJgMKcpQQ=,V6nLtG0dbp4AcDroqBf6MWt75gI=
42,-18,xZBZdMy75h+q7mJCzVi62wdSI40=,nhPURTfTaU7Ivd/LueNTDHsNq+4=
36,-17,wDg6Gf3MCNDyP0/cL/+b/rjprms=,V6nLtG0dbp4AcDroqBf6MWt75gI=
33,-23,lIFAx32uL/er0YIWi7cInxQLERk=,V6nLtG0dbp4AcDroqBf6MWt75gI=
32,-26,lIFAx32uL/er0YIWi7cInxQLERk=,HWXpvmxsI7rMo4yIkepa3H/5WOk=
40,-17,muHeE/jOoFti21Nx+JUJgMKcpQQ=,nhPURTfTaU7Ivd/LueNTDHsNq+4=
32,-19,lIFAx32uL/er0YIWi7cInxQLERk=,V6nLtG0dbp4AcDroqBf6MWt75gI=
40,-18,muHeE/jOoFti21Nx+JUJgMKcpQQ=,nhPURTfTaU7Ivd/LueNTDHsNq+4=
41,-18,xZBZdMy75h+q7mJCzVi62wdSI40=,nhPURTfTaU7Ivd/LueNTDHsNq+4=
32,-20,lIFAx32uL/er0YIWi7cInxQLERk=,V6nLtG0dbp4AcDroqBf6MWt75gI=
32,-25,8my8elRUCscwi3ype67K7p83SkU=,HWXpvmxsI7rMo4yIkepa3H/5WOk=
32,-24,8my8elRUCscwi3ype67K7p83SkU=,V6nLtG0dbp4AcDroqBf6MWt75gI=
36,-20,muHeE/jOoFti21Nx+JUJgMKcpQQ=,V6nLtG0dbp4AcDroqBf6MWt75gI=
36,-18,muHeE/jOoFti21Nx+JUJgMKcpQQ=,V6nLtG0dbp4AcDroqBf6MWt75gI=
36,-19,muHeE/jOoFti21Nx+JUJgMKcpQQ=,V6nLtG0dbp4AcDroqBf6MWt75gI=
37,-18,muHeE/jOoFti21Nx+JUJgMKcpQQ=,V6nLtG0dbp4AcDroqBf6MWt75gI=
38,-18,muHeE/jOoFti21Nx+JUJgMKcpQQ=,V6nLtG0dbp4AcDroqBf6MWt75gI=
35,-17,lIFAx32uL/er0YIWi7cInxQLERk=,V6nLtG0dbp4AcDroqBf6MWt75gI=
32,-32,lIFAx32uL/er0YIWi7cInxQLERk=,HWXpvmxsI7rMo4yIkepa3H/5WOk=
32,-28,lIFAx32uL/er0YIWi7cInxQLERk=,HWXpvmxsI7rMo4yIkepa3H/5WOk=
32,-27,lIFAx32uL/er0YIWi7cInxQLERk=,HWXpvmxsI7rMo4yIkepa3H/5WOk=
32,-29,8my8elRUCscwi3ype67K7p83SkU=,HWXpvmxsI7rMo4yIkepa3H/5WOk=
34,-17,lIFAx32uL/er0YIWi7cInxQLERk=,V6nLtG0dbp4AcDroqBf6MWt75gI=
32,-21,NqbfdqVSBHkk+XnITeiBHmTXIC8=,V6nLtG0dbp4AcDroqBf6MWt75gI=
32,-30,8my8elRUCscwi3ype67K7p83SkU=,HWXpvmxsI7rMo4yIkepa3H/5WOk=
32,-22,NqbfdqVSBHkk+XnITeiBHmTXIC8=,V6nLtG0dbp4AcDroqBf6MWt75gI=
32,-31,jl/GsZqhdJzJ49v7sTFZ7Stwv84=,HWXpvmxsI7rMo4yIkepa3H/5WOk=
33,-17,lIFAx32uL/er0YIWi7cInxQLERk=,V6nLtG0dbp4AcDroqBf6MWt75gI=
33,-30,jl/GsZqhdJzJ49v7sTFZ7Stwv84=,HWXpvmxsI7rMo4yIkepa3H/5WOk=
33,-20,lIFAx32uL/er0YIWi7cInxQLERk=,V6nLtG0dbp4AcDroqBf6MWt75gI=
35,-29,jl/GsZqhdJzJ49v7sTFZ7Stwv84=,HWXpvmxsI7rMo4yIkepa3H/5WOk=
35,-30,jl/GsZqhdJzJ49v7sTFZ7Stwv84=,HWXpvmxsI7rMo4yIkepa3H/5WOk=
34,-30,jl/GsZqhdJzJ49v7sTFZ7Stwv84=,HWXpvmxsI7rMo4yIkepa3H/5WOk=
34,-28,nqlwAx/FVZo43JGWuaUigSMMCfM=,HWXpvmxsI7rMo4yIkepa3H/5WOk=
32,-23,NqbfdqVSBHkk+XnITeiBHmTXIC8=,V6nLtG0dbp4AcDroqBf6MWt75gI=
35,-26,NqbfdqVSBHkk+XnITeiBHmTXIC8=,HWXpvmxsI7rMo4yIkepa3H/5WOk=
34,-20,lIFAx32uL/er0YIWi7cInxQLERk=,V6nLtG0dbp4AcDroqBf6MWt75gI=
34,-29,jl/GsZqhdJzJ49v7sTFZ7Stwv84=,HWXpvmxsI7rMo4yIkepa3H/5WOk=
33,-29,jl/GsZqhdJzJ49v7sTFZ7Stwv84=,HWXpvmxsI7rMo4yIkepa3H/5WOk=
33,-32,jl/GsZqhdJzJ49v7sTFZ7Stwv84=,HWXpvmxsI7rMo4yIkepa3H/5WOk=
34,-26,nqlwAx/FVZo43JGWuaUigSMMCfM=,HWXpvmxsI7rMo4yIkepa3H/5WOk=
34,-27,nqlwAx/FVZo43JGWuaUigSMMCfM=,HWXpvmxsI7rMo4yIkepa3H/5WOk=
34,-32,jl/GsZqhdJzJ49v7sTFZ7Stwv84=,HWXpvmxsI7rMo4yIkepa3H/5WOk=
35,-25,NqbfdqVSBHkk+XnITeiBHmTXIC8=,HWXpvmxsI7rMo4yIkepa3H/5WOk=
33,-28,NqbfdqVSBHkk+XnITeiBHmTXIC8=,HWXpvmxsI7rMo4yIkepa3H/5WOk=
35,-20,lIFAx32uL/er0YIWi7cInxQLERk=,V6nLtG0dbp4AcDroqBf6MWt75gI=
34,-24,NqbfdqVSBHkk+XnITeiBHmTXIC8=,V6nLtG0dbp4AcDroqBf6MWt75gI=
33,-27,Pqgsk8WM+avULE1risvW6cwMOvk=,HWXpvmxsI7rMo4yIkepa3H/5WOk=
33,-26,nqlwAx/FVZo43JGWuaUigSMMCfM=,HWXpvmxsI7rMo4yIkepa3H/5WOk=
33,-31,8my8elRUCscwi3ype67K7p83SkU=,HWXpvmxsI7rMo4yIkepa3H/5WOk=
33,-22,lIFAx32uL/er0YIWi7cInxQLERk=,V6nLtG0dbp4AcDroqBf6MWt75gI=
33,-21,lIFAx32uL/er0YIWi7cInxQLERk=,V6nLtG0dbp4AcDroqBf6MWt75gI=
35,-32,NqbfdqVSBHkk+XnITeiBHmTXIC8=,HWXpvmxsI7rMo4yIkepa3H/5WOk=
33,-24,NqbfdqVSBHkk+XnITeiBHmTXIC8=,V6nLtG0dbp4AcDroqBf6MWt75gI=
33,-19,lIFAx32uL/er0YIWi7cInxQLERk=,V6nLtG0dbp4AcDroqBf6MWt75gI=
34,-31,jl/GsZqhdJzJ49v7sTFZ7Stwv84=,HWXpvmxsI7rMo4yIkepa3H/5WOk=
34,-25,nqlwAx/FVZo43JGWuaUigSMMCfM=,HWXpvmxsI7rMo4yIkepa3H/5WOk=
34,-21,lIFAx32uL/er0YIWi7cInxQLERk=,V6nLtG0dbp4AcDroqBf6MWt75gI=
35,-31,jl/GsZqhdJzJ49v7sTFZ7Stwv84=,HWXpvmxsI7rMo4yIkepa3H/5WOk=
35,-21,lIFAx32uL/er0YIWi7cInxQLERk=,V6nLtG0dbp4AcDroqBf6MWt75gI=
33,-25,nqlwAx/FVZo43JGWuaUigSMMCfM=,HWXpvmxsI7rMo4yIkepa3H/5WOk=
34,-19,lIFAx32uL/er0YIWi7cInxQLERk=,V6nLtG0dbp4AcDroqBf6MWt75gI=
35,-18,lIFAx32uL/er0YIWi7cInxQLERk=,V6nLtG0dbp4AcDroqBf6MWt75gI=
35,-19,lIFAx32uL/er0YIWi7cInxQLERk=,V6nLtG0dbp4AcDroqBf6MWt75gI=
33,-18,lIFAx32uL/er0YIWi7cInxQLERk=,V6nLtG0dbp4AcDroqBf6MWt75gI=
34,-18,lIFAx32uL/er0YIWi7cInxQLERk=,V6nLtG0dbp4AcDroqBf6MWt75gI=
44,-13,Pqgsk8WM+avULE1risvW6cwMOvk=,wSbnyhlosL9Q78d+VHDvMu0++pI=
45,-10,Pqgsk8WM+avULE1risvW6cwMOvk=,wSbnyhlosL9Q78d+VHDvMu0++pI=
46,-15,Pqgsk8WM+avULE1risvW6cwMOvk=,wSbnyhlosL9Q78d+VHDvMu0++pI=
44,-10,Pqgsk8WM+avULE1risvW6cwMOvk=,wSbnyhlosL9Q78d+VHDvMu0++pI=
43,-10,Pqgsk8WM+avULE1risvW6cwMOvk=,wSbnyhlosL9Q78d+VHDvMu0++pI=
42,-10,Pqgsk8WM+avULE1risvW6cwMOvk=,wSbnyhlosL9Q78d+VHDvMu0++pI=
41,-10,Pqgsk8WM+avULE1risvW6cwMOvk=,wSbnyhlosL9Q78d+VHDvMu0++pI=
45,-11,Pqgsk8WM+avULE1risvW6cwMOvk=,wSbnyhlosL9Q78d+VHDvMu0++pI=
45,-16,Pqgsk8WM+avULE1risvW6cwMOvk=,wSbnyhlosL9Q78d+VHDvMu0++pI=
45,-12,Pqgsk8WM+avULE1risvW6cwMOvk=,wSbnyhlosL9Q78d+VHDvMu0++pI=
44,-11,Pqgsk8WM+avULE1risvW6cwMOvk=,wSbnyhlosL9Q78d+VHDvMu0++pI=
44,-16,Pqgsk8WM+avULE1risvW6cwMOvk=,wSbnyhlosL9Q78d+VHDvMu0++pI=
43,-11,Pqgsk8WM+avULE1risvW6cwMOvk=,wSbnyhlosL9Q78d+VHDvMu0++pI=
44,-12,Pqgsk8WM+avULE1risvW6cwMOvk=,wSbnyhlosL9Q78d+VHDvMu0++pI=
42,-11,Pqgsk8WM+avULE1risvW6cwMOvk=,wSbnyhlosL9Q78d+VHDvMu0++pI=
43,-12,Pqgsk8WM+avULE1risvW6cwMOvk=,wSbnyhlosL9Q78d+VHDvMu0++pI=
46,-16,Pqgsk8WM+avULE1risvW6cwMOvk=,wSbnyhlosL9Q78d+VHDvMu0++pI=
45,-15,Pqgsk8WM+avULE1risvW6cwMOvk=,wSbnyhlosL9Q78d+VHDvMu0++pI=
46,-14,Pqgsk8WM+avULE1risvW6cwMOvk=,wSbnyhlosL9Q78d+VHDvMu0++pI=
46,-11,Pqgsk8WM+avULE1risvW6cwMOvk=,wSbnyhlosL9Q78d+VHDvMu0++pI=
45,-14,Pqgsk8WM+avULE1risvW6cwMOvk=,wSbnyhlosL9Q78d+VHDvMu0++pI=
44,-14,Pqgsk8WM+avULE1risvW6cwMOvk=,wSbnyhlosL9Q78d+VHDvMu0++pI=
44,-15,Pqgsk8WM+avULE1risvW6cwMOvk=,wSbnyhlosL9Q78d+VHDvMu0++pI=
46,-9,Pqgsk8WM+avULE1risvW6cwMOvk=,wSbnyhlosL9Q78d+VHDvMu0++pI=
45,-9,Pqgsk8WM+avULE1risvW6cwMOvk=,wSbnyhlosL9Q78d+VHDvMu0++pI=
43,-15,Pqgsk8WM+avULE1risvW6cwMOvk=,wSbnyhlosL9Q78d+VHDvMu0++pI=
44,-9,Pqgsk8WM+avULE1risvW6cwMOvk=,wSbnyhlosL9Q78d+VHDvMu0++pI=
43,-9,Pqgsk8WM+avULE1risvW6cwMOvk=,wSbnyhlosL9Q78d+VHDvMu0++pI=
46,-13,Pqgsk8WM+avULE1risvW6cwMOvk=,wSbnyhlosL9Q78d+VHDvMu0++pI=
42,-9,Pqgsk8WM+avULE1risvW6cwMOvk=,wSbnyhlosL9Q78d+VHDvMu0++pI=
41,-9,Pqgsk8WM+avULE1risvW6cwMOvk=,wSbnyhlosL9Q78d+VHDvMu0++pI=
46,-12,Pqgsk8WM+avULE1risvW6cwMOvk=,wSbnyhlosL9Q78d+VHDvMu0++pI=
45,-13,Pqgsk8WM+avULE1risvW6cwMOvk=,wSbnyhlosL9Q78d+VHDvMu0++pI=
46,-10,Pqgsk8WM+avULE1risvW6cwMOvk=,wSbnyhlosL9Q78d+VHDvMu0++pI=
38,-2,QParu95ZrFmIpT3mPrPAJEfTolk=,+5xxb8qZW40DEZU+dp7fIcy+RiA=
39,-3,QParu95ZrFmIpT3mPrPAJEfTolk=,+5xxb8qZW40DEZU+dp7fIcy+RiA=
38,-3,QParu95ZrFmIpT3mPrPAJEfTolk=,+5xxb8qZW40DEZU+dp7fIcy+RiA=
39,-4,QParu95ZrFmIpT3mPrPAJEfTolk=,+5xxb8qZW40DEZU+dp7fIcy+RiA=
39,-5,QParu95ZrFmIpT3mPrPAJEfTolk=,+5xxb8qZW40DEZU+dp7fIcy+RiA=
39,-7,QParu95ZrFmIpT3mPrPAJEfTolk=,+5xxb8qZW40DEZU+dp7fIcy+RiA=
34,-7,QParu95ZrFmIpT3mPrPAJEfTolk=,+5xxb8qZW40DEZU+dp7fIcy+RiA=
33,-7,QParu95ZrFmIpT3mPrPAJEfTolk=,+5xxb8qZW40DEZU+dp7fIcy+RiA=
39,-2,QParu95ZrFmIpT3mPrPAJEfTolk=,+5xxb8qZW40DEZU+dp7fIcy+RiA=
32,-7,QParu95ZrFmIpT3mPrPAJEfTolk=,+5xxb8qZW40DEZU+dp7fIcy+RiA=
33,-1,QParu95ZrFmIpT3mPrPAJEfTolk=,+5xxb8qZW40DEZU+dp7fIcy+RiA=
37,-1,QParu95ZrFmIpT3mPrPAJEfTolk=,+5xxb8qZW40DEZU+dp7fIcy+RiA=
38,-1,QParu95ZrFmIpT3mPrPAJEfTolk=,+5xxb8qZW40DEZU+dp7fIcy+RiA=
47,-10,QParu95ZrFmIpT3mPrPAJEfTolk=,wSbnyhlosL9Q78d+VHDvMu0++pI=
47,-13,QParu95ZrFmIpT3mPrPAJEfTolk=,wSbnyhlosL9Q78d+VHDvMu0++pI=
47,-16,QParu95ZrFmIpT3mPrPAJEfTolk=,wSbnyhlosL9Q78d+VHDvMu0++pI=
47,-15,QParu95ZrFmIpT3mPrPAJEfTolk=,wSbnyhlosL9Q78d+VHDvMu0++pI=
47,-11,QParu95ZrFmIpT3mPrPAJEfTolk=,wSbnyhlosL9Q78d+VHDvMu0++pI=
47,-14,QParu95ZrFmIpT3mPrPAJEfTolk=,wSbnyhlosL9Q78d+VHDvMu0++pI=
47,-12,QParu95ZrFmIpT3mPrPAJEfTolk=,wSbnyhlosL9Q78d+VHDvMu0++pI=
47,-9,QParu95ZrFmIpT3mPrPAJEfTolk=,wSbnyhlosL9Q78d+VHDvMu0++pI=
32,-1,QParu95ZrFmIpT3mPrPAJEfTolk=,+5xxb8qZW40DEZU+dp7fIcy+RiA=
39,-1,QParu95ZrFmIpT3mPrPAJEfTolk=,+5xxb8qZW40DEZU+dp7fIcy+RiA=
36,-1,QParu95ZrFmIpT3mPrPAJEfTolk=,+5xxb8qZW40DEZU+dp7fIcy+RiA=
35,-1,QParu95ZrFmIpT3mPrPAJEfTolk=,+5xxb8qZW40DEZU+dp7fIcy+RiA=
34,-1,QParu95ZrFmIpT3mPrPAJEfTolk=,+5xxb8qZW40DEZU+dp7fIcy+RiA=
33,-2,YFIUE8ntq1WvotgRdSPt8DW1MrI=,+5xxb8qZW40DEZU+dp7fIcy+RiA=
36,-4,YFIUE8ntq1WvotgRdSPt8DW1MrI=,+5xxb8qZW40DEZU+dp7fIcy+RiA=
32,-3,7IkMHJn0nwknJ+eMevMW08T8c0U=,+5xxb8qZW40DEZU+dp7fIcy+RiA=
36,-2,YFIUE8ntq1WvotgRdSPt8DW1MrI=,+5xxb8qZW40DEZU+dp7fIcy+RiA=
34,-2,7IkMHJn0nwknJ+eMevMW08T8c0U=,+5xxb8qZW40DEZU+dp7fIcy+RiA=
35,-2,YFIUE8ntq1WvotgRdSPt8DW1MrI=,+5xxb8qZW40DEZU+dp7fIcy+RiA=
35,-3,7IkMHJn0nwknJ+eMevMW08T8c0U=,+5xxb8qZW40DEZU+dp7fIcy+RiA=
34,-3,7IkMHJn0nwknJ+eMevMW08T8c0U=,+5xxb8qZW40DEZU+dp7fIcy+RiA=
38,-4,YFIUE8ntq1WvotgRdSPt8DW1MrI=,+5xxb8qZW40DEZU+dp7fIcy+RiA=
32,-2,YFIUE8ntq1WvotgRdSPt8DW1MrI=,+5xxb8qZW40DEZU+dp7fIcy+RiA=
37,-2,QParu95ZrFmIpT3mPrPAJEfTolk=,+5xxb8qZW40DEZU+dp7fIcy+RiA=
37,-3,YFIUE8ntq1WvotgRdSPt8DW1MrI=,+5xxb8qZW40DEZU+dp7fIcy+RiA=
37,-4,YFIUE8ntq1WvotgRdSPt8DW1MrI=,+5xxb8qZW40DEZU+dp7fIcy+RiA=
32,-4,YFIUE8ntq1WvotgRdSPt8DW1MrI=,+5xxb8qZW40DEZU+dp7fIcy+RiA=
36,-3,YFIUE8ntq1WvotgRdSPt8DW1MrI=,+5xxb8qZW40DEZU+dp7fIcy+RiA=
33,-4,7IkMHJn0nwknJ+eMevMW08T8c0U=,+5xxb8qZW40DEZU+dp7fIcy+RiA=
34,-4,7IkMHJn0nwknJ+eMevMW08T8c0U=,+5xxb8qZW40DEZU+dp7fIcy+RiA=
35,-4,0Y4fU4BP4+UKZGtN9zHP0nKYpV0=,+5xxb8qZW40DEZU+dp7fIcy+RiA=
32,-8,0Y4fU4BP4+UKZGtN9zHP0nKYpV0=,+5xxb8qZW40DEZU+dp7fIcy+RiA=
33,-8,0Y4fU4BP4+UKZGtN9zHP0nKYpV0=,+5xxb8qZW40DEZU+dp7fIcy+RiA=
34,-9,0Y4fU4BP4+UKZGtN9zHP0nKYpV0=,hBbMaeb/7GIsazN5zEpoTAmeE6g=
33,-9,0Y4fU4BP4+UKZGtN9zHP0nKYpV0=,hBbMaeb/7GIsazN5zEpoTAmeE6g=
40,-10,0Y4fU4BP4+UKZGtN9zHP0nKYpV0=,wSbnyhlosL9Q78d+VHDvMu0++pI=
34,-10,0Y4fU4BP4+UKZGtN9zHP0nKYpV0=,hBbMaeb/7GIsazN5zEpoTAmeE6g=
34,-8,0Y4fU4BP4+UKZGtN9zHP0nKYpV0=,+5xxb8qZW40DEZU+dp7fIcy+RiA=
33,-3,7IkMHJn0nwknJ+eMevMW08T8c0U=,+5xxb8qZW40DEZU+dp7fIcy+RiA=
43,-13,7IkMHJn0nwknJ+eMevMW08T8c0U=,wSbnyhlosL9Q78d+VHDvMu0++pI=
32,-16,oMj+6VBqiw1juNYe2iQL/0b0rbQ=,hBbMaeb/7GIsazN5zEpoTAmeE6g=
35,-8,812G4ky6IhRarD2eiebKcfSCbYs=,+5xxb8qZW40DEZU+dp7fIcy+RiA=
38,-5,oMj+6VBqiw1juNYe2iQL/0b0rbQ=,+5xxb8qZW40DEZU+dp7fIcy+RiA=
40,-9,0Y4fU4BP4+UKZGtN9zHP0nKYpV0=,wSbnyhlosL9Q78d+VHDvMu0++pI=
42,-13,0Y4fU4BP4+UKZGtN9zHP0nKYpV0=,wSbnyhlosL9Q78d+VHDvMu0++pI=
41,-14,V8Cuyg1ubwdKe+rp8eI4D/SF3bM=,wSbnyhlosL9Q78d+VHDvMu0++pI=
36,-14,oMj+6VBqiw1juNYe2iQL/0b0rbQ=,hBbMaeb/7GIsazN5zEpoTAmeE6g=
33,-14,oMj+6VBqiw1juNYe2iQL/0b0rbQ=,hBbMaeb/7GIsazN5zEpoTAmeE6g=
34,-14,oMj+6VBqiw1juNYe2iQL/0b0rbQ=,hBbMaeb/7GIsazN5zEpoTAmeE6g=
40,-16,7IkMHJn0nwknJ+eMevMW08T8c0U=,wSbnyhlosL9Q78d+VHDvMu0++pI=
32,-13,oMj+6VBqiw1juNYe2iQL/0b0rbQ=,hBbMaeb/7GIsazN5zEpoTAmeE6g=
37,-14,oMj+6VBqiw1juNYe2iQL/0b0rbQ=,hBbMaeb/7GIsazN5zEpoTAmeE6g=
33,-13,oMj+6VBqiw1juNYe2iQL/0b0rbQ=,hBbMaeb/7GIsazN5zEpoTAmeE6g=
35,-14,oMj+6VBqiw1juNYe2iQL/0b0rbQ=,hBbMaeb/7GIsazN5zEpoTAmeE6g=
33,-16,oMj+6VBqiw1juNYe2iQL/0b0rbQ=,hBbMaeb/7GIsazN5zEpoTAmeE6g=
38,-14,oMj+6VBqiw1juNYe2iQL/0b0rbQ=,hBbMaeb/7GIsazN5zEpoTAmeE6g=
34,-13,oMj+6VBqiw1juNYe2iQL/0b0rbQ=,hBbMaeb/7GIsazN5zEpoTAmeE6g=
35,-16,oMj+6VBqiw1juNYe2iQL/0b0rbQ=,hBbMaeb/7GIsazN5zEpoTAmeE6g=
32,-14,oMj+6VBqiw1juNYe2iQL/0b0rbQ=,hBbMaeb/7GIsazN5zEpoTAmeE6g=
34,-16,oMj+6VBqiw1juNYe2iQL/0b0rbQ=,hBbMaeb/7GIsazN5zEpoTAmeE6g=
32,-15,oMj+6VBqiw1juNYe2iQL/0b0rbQ=,hBbMaeb/7GIsazN5zEpoTAmeE6g=
35,-15,oMj+6VBqiw1juNYe2iQL/0b0rbQ=,hBbMaeb/7GIsazN5zEpoTAmeE6g=
34,-15,oMj+6VBqiw1juNYe2iQL/0b0rbQ=,hBbMaeb/7GIsazN5zEpoTAmeE6g=
39,-8,oMj+6VBqiw1juNYe2iQL/0b0rbQ=,+5xxb8qZW40DEZU+dp7fIcy+RiA=
32,-6,oMj+6VBqiw1juNYe2iQL/0b0rbQ=,+5xxb8qZW40DEZU+dp7fIcy+RiA=
35,-13,oMj+6VBqiw1juNYe2iQL/0b0rbQ=,hBbMaeb/7GIsazN5zEpoTAmeE6g=
32,-5,oMj+6VBqiw1juNYe2iQL/0b0rbQ=,+5xxb8qZW40DEZU+dp7fIcy+RiA=
35,-7,oMj+6VBqiw1juNYe2iQL/0b0rbQ=,+5xxb8qZW40DEZU+dp7fIcy+RiA=
33,-6,oMj+6VBqiw1juNYe2iQL/0b0rbQ=,+5xxb8qZW40DEZU+dp7fIcy+RiA=
33,-15,oMj+6VBqiw1juNYe2iQL/0b0rbQ=,hBbMaeb/7GIsazN5zEpoTAmeE6g=
34,-6,oMj+6VBqiw1juNYe2iQL/0b0rbQ=,+5xxb8qZW40DEZU+dp7fIcy+RiA=
38,-8,oMj+6VBqiw1juNYe2iQL/0b0rbQ=,+5xxb8qZW40DEZU+dp7fIcy+RiA=
38,-7,oMj+6VBqiw1juNYe2iQL/0b0rbQ=,+5xxb8qZW40DEZU+dp7fIcy+RiA=
39,-14,oMj+6VBqiw1juNYe2iQL/0b0rbQ=,hBbMaeb/7GIsazN5zEpoTAmeE6g=
37,-7,oMj+6VBqiw1juNYe2iQL/0b0rbQ=,+5xxb8qZW40DEZU+dp7fIcy+RiA=
35,-6,oMj+6VBqiw1juNYe2iQL/0b0rbQ=,+5xxb8qZW40DEZU+dp7fIcy+RiA=
37,-8,oMj+6VBqiw1juNYe2iQL/0b0rbQ=,+5xxb8qZW40DEZU+dp7fIcy+RiA=
39,-6,oMj+6VBqiw1juNYe2iQL/0b0rbQ=,+5xxb8qZW40DEZU+dp7fIcy+RiA=
33,-5,oMj+6VBqiw1juNYe2iQL/0b0rbQ=,+5xxb8qZW40DEZU+dp7fIcy+RiA=
36,-8,oMj+6VBqiw1juNYe2iQL/0b0rbQ=,+5xxb8qZW40DEZU+dp7fIcy+RiA=
36,-7,oMj+6VBqiw1juNYe2iQL/0b0rbQ=,+5xxb8qZW40DEZU+dp7fIcy+RiA=
34,-5,oMj+6VBqiw1juNYe2iQL/0b0rbQ=,+5xxb8qZW40DEZU+dp7fIcy+RiA=
35,-5,oMj+6VBqiw1juNYe2iQL/0b0rbQ=,+5xxb8qZW40DEZU+dp7fIcy+RiA=
38,-6,oMj+6VBqiw1juNYe2iQL/0b0rbQ=,+5xxb8qZW40DEZU+dp7fIcy+RiA=
40,-12,0Y4fU4BP4+UKZGtN9zHP0nKYpV0=,wSbnyhlosL9Q78d+VHDvMu0++pI=
37,-6,oMj+6VBqiw1juNYe2iQL/0b0rbQ=,+5xxb8qZW40DEZU+dp7fIcy+RiA=
36,-6,oMj+6VBqiw1juNYe2iQL/0b0rbQ=,+5xxb8qZW40DEZU+dp7fIcy+RiA=
36,-5,oMj+6VBqiw1juNYe2iQL/0b0rbQ=,+5xxb8qZW40DEZU+dp7fIcy+RiA=
37,-5,oMj+6VBqiw1juNYe2iQL/0b0rbQ=,+5xxb8qZW40DEZU+dp7fIcy+RiA=
36,-13,oMj+6VBqiw1juNYe2iQL/0b0rbQ=,hBbMaeb/7GIsazN5zEpoTAmeE6g=
37,-13,oMj+6VBqiw1juNYe2iQL/0b0rbQ=,hBbMaeb/7GIsazN5zEpoTAmeE6g=
38,-13,oMj+6VBqiw1juNYe2iQL/0b0rbQ=,hBbMaeb/7GIsazN5zEpoTAmeE6g=
40,-11,0Y4fU4BP4+UKZGtN9zHP0nKYpV0=,wSbnyhlosL9Q78d+VHDvMu0++pI=
32,-12,oMj+6VBqiw1juNYe2iQL/0b0rbQ=,hBbMaeb/7GIsazN5zEpoTAmeE6g=
39,-13,oMj+6VBqiw1juNYe2iQL/0b0rbQ=,hBbMaeb/7GIsazN5zEpoTAmeE6g=
38,-12,oMj+6VBqiw1juNYe2iQL/0b0rbQ=,hBbMaeb/7GIsazN5zEpoTAmeE6g=
35,-12,oMj+6VBqiw1juNYe2iQL/0b0rbQ=,hBbMaeb/7GIsazN5zEpoTAmeE6g=
33,-12,oMj+6VBqiw1juNYe2iQL/0b0rbQ=,hBbMaeb/7GIsazN5zEpoTAmeE6g=
36,-12,oMj+6VBqiw1juNYe2iQL/0b0rbQ=,hBbMaeb/7GIsazN5zEpoTAmeE6g=
34,-11,oMj+6VBqiw1juNYe2iQL/0b0rbQ=,hBbMaeb/7GIsazN5zEpoTAmeE6g=
39,-12,oMj+6VBqiw1juNYe2iQL/0b0rbQ=,hBbMaeb/7GIsazN5zEpoTAmeE6g=
34,-12,oMj+6VBqiw1juNYe2iQL/0b0rbQ=,hBbMaeb/7GIsazN5zEpoTAmeE6g=
33,-11,oMj+6VBqiw1juNYe2iQL/0b0rbQ=,hBbMaeb/7GIsazN5zEpoTAmeE6g=
36,-11,oMj+6VBqiw1juNYe2iQL/0b0rbQ=,hBbMaeb/7GIsazN5zEpoTAmeE6g=
37,-12,oMj+6VBqiw1juNYe2iQL/0b0rbQ=,hBbMaeb/7GIsazN5zEpoTAmeE6g=
39,-11,oMj+6VBqiw1juNYe2iQL/0b0rbQ=,hBbMaeb/7GIsazN5zEpoTAmeE6g=
40,-14,0Y4fU4BP4+UKZGtN9zHP0nKYpV0=,wSbnyhlosL9Q78d+VHDvMu0++pI=
35,-11,oMj+6VBqiw1juNYe2iQL/0b0rbQ=,hBbMaeb/7GIsazN5zEpoTAmeE6g=
40,-13,oMj+6VBqiw1juNYe2iQL/0b0rbQ=,wSbnyhlosL9Q78d+VHDvMu0++pI=
32,-11,oMj+6VBqiw1juNYe2iQL/0b0rbQ=,hBbMaeb/7GIsazN5zEpoTAmeE6g=
33,-10,oMj+6VBqiw1juNYe2iQL/0b0rbQ=,hBbMaeb/7GIsazN5zEpoTAmeE6g=
38,-11,oMj+6VBqiw1juNYe2iQL/0b0rbQ=,hBbMaeb/7GIsazN5zEpoTAmeE6g=
32,-10,oMj+6VBqiw1juNYe2iQL/0b0rbQ=,hBbMaeb/7GIsazN5zEpoTAmeE6g=
35,-10,oMj+6VBqiw1juNYe2iQL/0b0rbQ=,hBbMaeb/7GIsazN5zEpoTAmeE6g=
37,-11,oMj+6VBqiw1juNYe2iQL/0b0rbQ=,hBbMaeb/7GIsazN5zEpoTAmeE6g=
32,-9,oMj+6VBqiw1juNYe2iQL/0b0rbQ=,hBbMaeb/7GIsazN5zEpoTAmeE6g=
39,-10,oMj+6VBqiw1juNYe2iQL/0b0rbQ=,hBbMaeb/7GIsazN5zEpoTAmeE6g=
38,-10,oMj+6VBqiw1juNYe2iQL/0b0rbQ=,hBbMaeb/7GIsazN5zEpoTAmeE6g=
36,-10,oMj+6VBqiw1juNYe2iQL/0b0rbQ=,hBbMaeb/7GIsazN5zEpoTAmeE6g=
36,-16,oMj+6VBqiw1juNYe2iQL/0b0rbQ=,hBbMaeb/7GIsazN5zEpoTAmeE6g=
39,-9,0Y4fU4BP4+UKZGtN9zHP0nKYpV0=,hBbMaeb/7GIsazN5zEpoTAmeE6g=
37,-16,oMj+6VBqiw1juNYe2iQL/0b0rbQ=,hBbMaeb/7GIsazN5zEpoTAmeE6g=
39,-16,oMj+6VBqiw1juNYe2iQL/0b0rbQ=,hBbMaeb/7GIsazN5zEpoTAmeE6g=
35,-9,oMj+6VBqiw1juNYe2iQL/0b0rbQ=,hBbMaeb/7GIsazN5zEpoTAmeE6g=
39,-15,oMj+6VBqiw1juNYe2iQL/0b0rbQ=,hBbMaeb/7GIsazN5zEpoTAmeE6g=
38,-15,oMj+6VBqiw1juNYe2iQL/0b0rbQ=,hBbMaeb/7GIsazN5zEpoTAmeE6g=
38,-16,oMj+6VBqiw1juNYe2iQL/0b0rbQ=,hBbMaeb/7GIsazN5zEpoTAmeE6g=
37,-10,oMj+6VBqiw1juNYe2iQL/0b0rbQ=,hBbMaeb/7GIsazN5zEpoTAmeE6g=
37,-15,oMj+6VBqiw1juNYe2iQL/0b0rbQ=,hBbMaeb/7GIsazN5zEpoTAmeE6g=
36,-15,0Y4fU4BP4+UKZGtN9zHP0nKYpV0=,hBbMaeb/7GIsazN5zEpoTAmeE6g=
38,-9,V8Cuyg1ubwdKe+rp8eI4D/SF3bM=,hBbMaeb/7GIsazN5zEpoTAmeE6g=
40,-15,7IkMHJn0nwknJ+eMevMW08T8c0U=,wSbnyhlosL9Q78d+VHDvMu0++pI=
36,-9,oMj+6VBqiw1juNYe2iQL/0b0rbQ=,hBbMaeb/7GIsazN5zEpoTAmeE6g=
43,-14,7IkMHJn0nwknJ+eMevMW08T8c0U=,wSbnyhlosL9Q78d+VHDvMu0++pI=
37,-9,oMj+6VBqiw1juNYe2iQL/0b0rbQ=,hBbMaeb/7GIsazN5zEpoTAmeE6g=
42,-14,0Y4fU4BP4+UKZGtN9zHP0nKYpV0=,wSbnyhlosL9Q78d+VHDvMu0++pI=
42,-15,0Y4fU4BP4+UKZGtN9zHP0nKYpV0=,wSbnyhlosL9Q78d+VHDvMu0++pI=
42,-16,7IkMHJn0nwknJ+eMevMW08T8c0U=,wSbnyhlosL9Q78d+VHDvMu0++pI=
43,-16,0Y4fU4BP4+UKZGtN9zHP0nKYpV0=,wSbnyhlosL9Q78d+VHDvMu0++pI=
41,-15,7IkMHJn0nwknJ+eMevMW08T8c0U=,wSbnyhlosL9Q78d+VHDvMu0++pI=
41,-16,7IkMHJn0nwknJ+eMevMW08T8c0U=,wSbnyhlosL9Q78d+VHDvMu0++pI=
42,-12,0Y4fU4BP4+UKZGtN9zHP0nKYpV0=,wSbnyhlosL9Q78d+VHDvMu0++pI=
41,-11,0Y4fU4BP4+UKZGtN9zHP0nKYpV0=,wSbnyhlosL9Q78d+VHDvMu0++pI=
41,-12,0Y4fU4BP4+UKZGtN9zHP0nKYpV0=,wSbnyhlosL9Q78d+VHDvMu0++pI=
41,-13,V8Cuyg1ubwdKe+rp8eI4D/SF3bM=,wSbnyhlosL9Q78d+VHDvMu0++pI=
