3,2,U/NlRPvMYPIy38xOFNpxRQ6tzgg=,sInBaojA2bRm9jI23mzaSRUjQE4=
5,4,U/NlRPvMYPIy38xOFNpxRQ6tzgg=,QjTrL39WDA9H+H2gTMmfjRsBObw=
4,4,U/NlRPvMYPIy38xOFNpxRQ6tzgg=,QjTrL39WDA9H+H2gTMmfjRsBObw=
3,5,U/NlRPvMYPIy38xOFNpxRQ6tzgg=,2uVVcaSasnTlHOIzLTPGUtEuXOg=
2,5,U/NlRPvMYPIy38xOFNpxRQ6tzgg=,2uVVcaSasnTlHOIzLTPGUtEuXOg=
2,4,U/NlRPvMYPIy38xOFNpxRQ6tzgg=,2uVVcaSasnTlHOIzLTPGUtEuXOg=
2,3,U/NlRPvMYPIy38xOFNpxRQ6tzgg=,sInBaojA2bRm9jI23mzaSRUjQE4=
3,4,U/NlRPvMYPIy38xOFNpxRQ6tzgg=,2uVVcaSasnTlHOIzLTPGUtEuXOg=
2,2,U/NlRPvMYPIy38xOFNpxRQ6tzgg=,sInBaojA2bRm9jI23mzaSRUjQE4=
3,3,U/NlRPvMYPIy38xOFNpxRQ6tzgg=,sInBaojA2bRm9jI23mzaSRUjQE4=
5,5,U/NlRPvMYPIy38xOFNpxRQ6tzgg=,QjTrL39WDA9H+H2gTMmfjRsBObw=
4,5,U/NlRPvMYPIy38xOFNpxRQ6tzgg=,QjTrL39WDA9H+H2gTMmfjRsBObw=
9,7,2v8B1kyrkrpNdXNolmDcguvU2TM=,yh7pmrAIuyx3XIPGBvsvfdDtT3k=
8,8,2v8B1kyrkrpNdXNolmDcguvU2TM=,Nag2yBfchOkomm0OgDZG2O+hXvI=
7,6,2v8B1kyrkrpNdXNolmDcguvU2TM=,QjTrL39WDA9H+H2gTMmfjRsBObw=
7,7,2v8B1kyrkrpNdXNolmDcguvU2TM=,QjTrL39WDA9H+H2gTMmfjRsBObw=
8,9,2v8B1kyrkrpNdXNolmDcguvU2TM=,Nag2yBfchOkomm0OgDZG2O+hXvI=
6,6,2v8B1kyrkrpNdXNolmDcguvU2TM=,QjTrL39WDA9H+H2gTMmfjRsBObw=
9,8,2v8B1kyrkrpNdXNolmDcguvU2TM=,Nag2yBfchOkomm0OgDZG2O+hXvI=
6,7,2v8B1kyrkrpNdXNolmDcguvU2TM=,QjTrL39WDA9H+H2gTMmfjRsBObw=
6,9,2v8B1kyrkrpNdXNolmDcguvU2TM=,zUTj34WNfy1JRRCa5rHPQgouXo8=
9,9,2v8B1kyrkrpNdXNolmDcguvU2TM=,Nag2yBfchOkomm0OgDZG2O+hXvI=
9,6,2v8B1kyrkrpNdXNolmDcguvU2TM=,yh7pmrAIuyx3XIPGBvsvfdDtT3k=
6,8,2v8B1kyrkrpNdXNolmDcguvU2TM=,zUTj34WNfy1JRRCa5rHPQgouXo8=
7,9,2v8B1kyrkrpNdXNolmDcguvU2TM=,zUTj34WNfy1JRRCa5rHPQgouXo8=
8,7,2v8B1kyrkrpNdXNolmDcguvU2TM=,yh7pmrAIuyx3XIPGBvsvfdDtT3k=
8,6,2v8B1kyrkrpNdXNolmDcguvU2TM=,yh7pmrAIuyx3XIPGBvsvfdDtT3k=
7,8,2v8B1kyrkrpNdXNolmDcguvU2TM=,zUTj34WNfy1JRRCa5rHPQgouXo8=
5,9,2v8B1kyrkrpNdXNolmDcguvU2TM=,zUTj34WNfy1JRRCa5rHPQgouXo8=
2,7,2v8B1kyrkrpNdXNolmDcguvU2TM=,2uVVcaSasnTlHOIzLTPGUtEuXOg=
3,7,2v8B1kyrkrpNdXNolmDcguvU2TM=,2uVVcaSasnTlHOIzLTPGUtEuXOg=
3,6,2v8B1kyrkrpNdXNolmDcguvU2TM=,2uVVcaSasnTlHOIzLTPGUtEuXOg=
2,6,2v8B1kyrkrpNdXNolmDcguvU2TM=,2uVVcaSasnTlHOIzLTPGUtEuXOg=
5,6,2v8B1kyrkrpNdXNolmDcguvU2TM=,QjTrL39WDA9H+H2gTMmfjRsBObw=
4,7,2v8B1kyrkrpNdXNolmDcguvU2TM=,QjTrL39WDA9H+H2gTMmfjRsBObw=
4,6,2v8B1kyrkrpNdXNolmDcguvU2TM=,QjTrL39WDA9H+H2gTMmfjRsBObw=
4,8,2v8B1kyrkrpNdXNolmDcguvU2TM=,zUTj34WNfy1JRRCa5rHPQgouXo8=
5,8,2v8B1kyrkrpNdXNolmDcguvU2TM=,zUTj34WNfy1JRRCa5rHPQgouXo8=
5,7,2v8B1kyrkrpNdXNolmDcguvU2TM=,QjTrL39WDA9H+H2gTMmfjRsBObw=
4,9,2v8B1kyrkrpNdXNolmDcguvU2TM=,zUTj34WNfy1JRRCa5rHPQgouXo8=
1,6,U/NlRPvMYPIy38xOFNpxRQ6tzgg=,2uVVcaSasnTlHOIzLTPGUtEuXOg=
0,6,U/NlRPvMYPIy38xOFNpxRQ6tzgg=,2uVVcaSasnTlHOIzLTPGUtEuXOg=
1,7,U/NlRPvMYPIy38xOFNpxRQ6tzgg=,2uVVcaSasnTlHOIzLTPGUtEuXOg=
0,7,U/NlRPvMYPIy38xOFNpxRQ6tzgg=,2uVVcaSasnTlHOIzLTPGUtEuXOg=
0,2,U/NlRPvMYPIy38xOFNpxRQ6tzgg=,sInBaojA2bRm9jI23mzaSRUjQE4=
1,4,U/NlRPvMYPIy38xOFNpxRQ6tzgg=,2uVVcaSasnTlHOIzLTPGUtEuXOg=
0,5,U/NlRPvMYPIy38xOFNpxRQ6tzgg=,2uVVcaSasnTlHOIzLTPGUtEuXOg=
0,4,U/NlRPvMYPIy38xOFNpxRQ6tzgg=,2uVVcaSasnTlHOIzLTPGUtEuXOg=
1,5,U/NlRPvMYPIy38xOFNpxRQ6tzgg=,2uVVcaSasnTlHOIzLTPGUtEuXOg=
0,3,U/NlRPvMYPIy38xOFNpxRQ6tzgg=,sInBaojA2bRm9jI23mzaSRUjQE4=
1,2,U/NlRPvMYPIy38xOFNpxRQ6tzgg=,sInBaojA2bRm9jI23mzaSRUjQE4=
1,3,U/NlRPvMYPIy38xOFNpxRQ6tzgg=,sInBaojA2bRm9jI23mzaSRUjQE4=
11,7,U/NlRPvMYPIy38xOFNpxRQ6tzgg=,yh7pmrAIuyx3XIPGBvsvfdDtT3k=
10,7,U/NlRPvMYPIy38xOFNpxRQ6tzgg=,yh7pmrAIuyx3XIPGBvsvfdDtT3k=
11,6,U/NlRPvMYPIy38xOFNpxRQ6tzgg=,yh7pmrAIuyx3XIPGBvsvfdDtT3k=
10,6,U/NlRPvMYPIy38xOFNpxRQ6tzgg=,yh7pmrAIuyx3XIPGBvsvfdDtT3k=
10,8,U/NlRPvMYPIy38xOFNpxRQ6tzgg=,Nag2yBfchOkomm0OgDZG2O+hXvI=
11,9,U/NlRPvMYPIy38xOFNpxRQ6tzgg=,Nag2yBfchOkomm0OgDZG2O+hXvI=
3,1,U/NlRPvMYPIy38xOFNpxRQ6tzgg=,sInBaojA2bRm9jI23mzaSRUjQE4=
3,0,U/NlRPvMYPIy38xOFNpxRQ6tzgg=,sInBaojA2bRm9jI23mzaSRUjQE4=
2,0,U/NlRPvMYPIy38xOFNpxRQ6tzgg=,sInBaojA2bRm9jI23mzaSRUjQE4=
2,1,U/NlRPvMYPIy38xOFNpxRQ6tzgg=,sInBaojA2bRm9jI23mzaSRUjQE4=
11,8,U/NlRPvMYPIy38xOFNpxRQ6tzgg=,Nag2yBfchOkomm0OgDZG2O+hXvI=
1,1,U/NlRPvMYPIy38xOFNpxRQ6tzgg=,sInBaojA2bRm9jI23mzaSRUjQE4=
0,0,U/NlRPvMYPIy38xOFNpxRQ6tzgg=,sInBaojA2bRm9jI23mzaSRUjQE4=
1,0,U/NlRPvMYPIy38xOFNpxRQ6tzgg=,sInBaojA2bRm9jI23mzaSRUjQE4=
0,1,U/NlRPvMYPIy38xOFNpxRQ6tzgg=,sInBaojA2bRm9jI23mzaSRUjQE4=
10,9,U/NlRPvMYPIy38xOFNpxRQ6tzgg=,Nag2yBfchOkomm0OgDZG2O+hXvI=
9,5,U/NlRPvMYPIy38xOFNpxRQ6tzgg=,yh7pmrAIuyx3XIPGBvsvfdDtT3k=
8,5,U/NlRPvMYPIy38xOFNpxRQ6tzgg=,yh7pmrAIuyx3XIPGBvsvfdDtT3k=
9,4,U/NlRPvMYPIy38xOFNpxRQ6tzgg=,yh7pmrAIuyx3XIPGBvsvfdDtT3k=
11,5,U/NlRPvMYPIy38xOFNpxRQ6tzgg=,yh7pmrAIuyx3XIPGBvsvfdDtT3k=
10,5,U/NlRPvMYPIy38xOFNpxRQ6tzgg=,yh7pmrAIuyx3XIPGBvsvfdDtT3k=
11,4,U/NlRPvMYPIy38xOFNpxRQ6tzgg=,yh7pmrAIuyx3XIPGBvsvfdDtT3k=
10,4,U/NlRPvMYPIy38xOFNpxRQ6tzgg=,yh7pmrAIuyx3XIPGBvsvfdDtT3k=
7,5,U/NlRPvMYPIy38xOFNpxRQ6tzgg=,QjTrL39WDA9H+H2gTMmfjRsBObw=
6,5,U/NlRPvMYPIy38xOFNpxRQ6tzgg=,QjTrL39WDA9H+H2gTMmfjRsBObw=
7,4,U/NlRPvMYPIy38xOFNpxRQ6tzgg=,QjTrL39WDA9H+H2gTMmfjRsBObw=
6,4,U/NlRPvMYPIy38xOFNpxRQ6tzgg=,QjTrL39WDA9H+H2gTMmfjRsBObw=
8,4,U/NlRPvMYPIy38xOFNpxRQ6tzgg=,yh7pmrAIuyx3XIPGBvsvfdDtT3k=
11,11,U/NlRPvMYPIy38xOFNpxRQ6tzgg=,Nag2yBfchOkomm0OgDZG2O+hXvI=
11,15,U/NlRPvMYPIy38xOFNpxRQ6tzgg=,cr1V+9svGrMOzvE5PXg4mR6wjvo=
10,11,U/NlRPvMYPIy38xOFNpxRQ6tzgg=,Nag2yBfchOkomm0OgDZG2O+hXvI=
11,10,U/NlRPvMYPIy38xOFNpxRQ6tzgg=,Nag2yBfchOkomm0OgDZG2O+hXvI=
10,15,U/NlRPvMYPIy38xOFNpxRQ6tzgg=,cr1V+9svGrMOzvE5PXg4mR6wjvo=
10,10,U/NlRPvMYPIy38xOFNpxRQ6tzgg=,Nag2yBfchOkomm0OgDZG2O+hXvI=
10,12,U/NlRPvMYPIy38xOFNpxRQ6tzgg=,cr1V+9svGrMOzvE5PXg4mR6wjvo=
11,12,U/NlRPvMYPIy38xOFNpxRQ6tzgg=,cr1V+9svGrMOzvE5PXg4mR6wjvo=
10,13,U/NlRPvMYPIy38xOFNpxRQ6tzgg=,cr1V+9svGrMOzvE5PXg4mR6wjvo=
11,13,U/NlRPvMYPIy38xOFNpxRQ6tzgg=,cr1V+9svGrMOzvE5PXg4mR6wjvo=
11,14,U/NlRPvMYPIy38xOFNpxRQ6tzgg=,cr1V+9svGrMOzvE5PXg4mR6wjvo=
10,14,U/NlRPvMYPIy38xOFNpxRQ6tzgg=,cr1V+9svGrMOzvE5PXg4mR6wjvo=
4,12,U/NlRPvMYPIy38xOFNpxRQ6tzgg=,4n3abhBuFrZ+YayFe9hP076LSG0=
9,11,U/NlRPvMYPIy38xOFNpxRQ6tzgg=,Nag2yBfchOkomm0OgDZG2O+hXvI=
5,12,U/NlRPvMYPIy38xOFNpxRQ6tzgg=,4n3abhBuFrZ+YayFe9hP076LSG0=
9,10,U/NlRPvMYPIy38xOFNpxRQ6tzgg=,Nag2yBfchOkomm0OgDZG2O+hXvI=
4,13,U/NlRPvMYPIy38xOFNpxRQ6tzgg=,4n3abhBuFrZ+YayFe9hP076LSG0=
7,13,U/NlRPvMYPIy38xOFNpxRQ6tzgg=,4n3abhBuFrZ+YayFe9hP076LSG0=
6,12,U/NlRPvMYPIy38xOFNpxRQ6tzgg=,4n3abhBuFrZ+YayFe9hP076LSG0=
6,13,U/NlRPvMYPIy38xOFNpxRQ6tzgg=,4n3abhBuFrZ+YayFe9hP076LSG0=
7,11,U/NlRPvMYPIy38xOFNpxRQ6tzgg=,zUTj34WNfy1JRRCa5rHPQgouXo8=
8,10,U/NlRPvMYPIy38xOFNpxRQ6tzgg=,Nag2yBfchOkomm0OgDZG2O+hXvI=
5,15,U/NlRPvMYPIy38xOFNpxRQ6tzgg=,4n3abhBuFrZ+YayFe9hP076LSG0=
4,15,U/NlRPvMYPIy38xOFNpxRQ6tzgg=,4n3abhBuFrZ+YayFe9hP076LSG0=
8,11,U/NlRPvMYPIy38xOFNpxRQ6tzgg=,Nag2yBfchOkomm0OgDZG2O+hXvI=
6,11,U/NlRPvMYPIy38xOFNpxRQ6tzgg=,zUTj34WNfy1JRRCa5rHPQgouXo8=
5,11,U/NlRPvMYPIy38xOFNpxRQ6tzgg=,zUTj34WNfy1JRRCa5rHPQgouXo8=
4,11,U/NlRPvMYPIy38xOFNpxRQ6tzgg=,zUTj34WNfy1JRRCa5rHPQgouXo8=
5,13,U/NlRPvMYPIy38xOFNpxRQ6tzgg=,4n3abhBuFrZ+YayFe9hP076LSG0=
9,12,U/NlRPvMYPIy38xOFNpxRQ6tzgg=,cr1V+9svGrMOzvE5PXg4mR6wjvo=
7,12,U/NlRPvMYPIy38xOFNpxRQ6tzgg=,4n3abhBuFrZ+YayFe9hP076LSG0=
8,13,U/NlRPvMYPIy38xOFNpxRQ6tzgg=,cr1V+9svGrMOzvE5PXg4mR6wjvo=
9,13,U/NlRPvMYPIy38xOFNpxRQ6tzgg=,cr1V+9svGrMOzvE5PXg4mR6wjvo=
4,14,U/NlRPvMYPIy38xOFNpxRQ6tzgg=,4n3abhBuFrZ+YayFe9hP076LSG0=
8,12,U/NlRPvMYPIy38xOFNpxRQ6tzgg=,cr1V+9svGrMOzvE5PXg4mR6wjvo=
7,15,U/NlRPvMYPIy38xOFNpxRQ6tzgg=,4n3abhBuFrZ+YayFe9hP076LSG0=
8,14,U/NlRPvMYPIy38xOFNpxRQ6tzgg=,cr1V+9svGrMOzvE5PXg4mR6wjvo=
4,10,U/NlRPvMYPIy38xOFNpxRQ6tzgg=,zUTj34WNfy1JRRCa5rHPQgouXo8=
5,10,U/NlRPvMYPIy38xOFNpxRQ6tzgg=,zUTj34WNfy1JRRCa5rHPQgouXo8=
6,10,U/NlRPvMYPIy38xOFNpxRQ6tzgg=,zUTj34WNfy1JRRCa5rHPQgouXo8=
6,14,U/NlRPvMYPIy38xOFNpxRQ6tzgg=,4n3abhBuFrZ+YayFe9hP076LSG0=
6,15,U/NlRPvMYPIy38xOFNpxRQ6tzgg=,4n3abhBuFrZ+YayFe9hP076LSG0=
5,14,U/NlRPvMYPIy38xOFNpxRQ6tzgg=,4n3abhBuFrZ+YayFe9hP076LSG0=
7,10,U/NlRPvMYPIy38xOFNpxRQ6tzgg=,zUTj34WNfy1JRRCa5rHPQgouXo8=
9,14,U/NlRPvMYPIy38xOFNpxRQ6tzgg=,cr1V+9svGrMOzvE5PXg4mR6wjvo=
8,15,U/NlRPvMYPIy38xOFNpxRQ6tzgg=,cr1V+9svGrMOzvE5PXg4mR6wjvo=
7,14,U/NlRPvMYPIy38xOFNpxRQ6tzgg=,4n3abhBuFrZ+YayFe9hP076LSG0=
9,15,U/NlRPvMYPIy38xOFNpxRQ6tzgg=,cr1V+9svGrMOzvE5PXg4mR6wjvo=
22,26,wxj1gzYnsHIedR/epiSxInO5YAw=,RJwnk8FXT/QNVZ3E5CNSAMwqQ7Y=
23,26,wxj1gzYnsHIedR/epiSxInO5YAw=,RJwnk8FXT/QNVZ3E5CNSAMwqQ7Y=
22,27,wxj1gzYnsHIedR/epiSxInO5YAw=,RJwnk8FXT/QNVZ3E5CNSAMwqQ7Y=
23,27,wxj1gzYnsHIedR/epiSxInO5YAw=,RJwnk8FXT/QNVZ3E5CNSAMwqQ7Y=
18,26,wxj1gzYnsHIedR/epiSxInO5YAw=,dIHghrGKP866AvGiOAzlcLoEBO0=
21,27,wxj1gzYnsHIedR/epiSxInO5YAw=,RJwnk8FXT/QNVZ3E5CNSAMwqQ7Y=
20,27,wxj1gzYnsHIedR/epiSxInO5YAw=,RJwnk8FXT/QNVZ3E5CNSAMwqQ7Y=
19,27,wxj1gzYnsHIedR/epiSxInO5YAw=,dIHghrGKP866AvGiOAzlcLoEBO0=
18,27,wxj1gzYnsHIedR/epiSxInO5YAw=,dIHghrGKP866AvGiOAzlcLoEBO0=
19,26,wxj1gzYnsHIedR/epiSxInO5YAw=,dIHghrGKP866AvGiOAzlcLoEBO0=
21,26,wxj1gzYnsHIedR/epiSxInO5YAw=,RJwnk8FXT/QNVZ3E5CNSAMwqQ7Y=
20,26,wxj1gzYnsHIedR/epiSxInO5YAw=,RJwnk8FXT/QNVZ3E5CNSAMwqQ7Y=
16,26,wxj1gzYnsHIedR/epiSxInO5YAw=,dIHghrGKP866AvGiOAzlcLoEBO0=
17,26,wxj1gzYnsHIedR/epiSxInO5YAw=,dIHghrGKP866AvGiOAzlcLoEBO0=
16,27,wxj1gzYnsHIedR/epiSxInO5YAw=,dIHghrGKP866AvGiOAzlcLoEBO0=
17,27,wxj1gzYnsHIedR/epiSxInO5YAw=,dIHghrGKP866AvGiOAzlcLoEBO0=
22,24,wxj1gzYnsHIedR/epiSxInO5YAw=,RJwnk8FXT/QNVZ3E5CNSAMwqQ7Y=
23,24,wxj1gzYnsHIedR/epiSxInO5YAw=,RJwnk8FXT/QNVZ3E5CNSAMwqQ7Y=
22,25,wxj1gzYnsHIedR/epiSxInO5YAw=,RJwnk8FXT/QNVZ3E5CNSAMwqQ7Y=
23,25,wxj1gzYnsHIedR/epiSxInO5YAw=,RJwnk8FXT/QNVZ3E5CNSAMwqQ7Y=
18,16,wxj1gzYnsHIedR/epiSxInO5YAw=,a/EN7MSzy34aeaTPINsjPUty+GE=
19,16,wxj1gzYnsHIedR/epiSxInO5YAw=,a/EN7MSzy34aeaTPINsjPUty+GE=
18,17,wxj1gzYnsHIedR/epiSxInO5YAw=,a/EN7MSzy34aeaTPINsjPUty+GE=
19,17,wxj1gzYnsHIedR/epiSxInO5YAw=,a/EN7MSzy34aeaTPINsjPUty+GE=
16,16,wxj1gzYnsHIedR/epiSxInO5YAw=,a/EN7MSzy34aeaTPINsjPUty+GE=
17,17,wxj1gzYnsHIedR/epiSxInO5YAw=,a/EN7MSzy34aeaTPINsjPUty+GE=
16,17,wxj1gzYnsHIedR/epiSxInO5YAw=,a/EN7MSzy34aeaTPINsjPUty+GE=
17,16,wxj1gzYnsHIedR/epiSxInO5YAw=,a/EN7MSzy34aeaTPINsjPUty+GE=
17,25,/4BWX7rtaX+Qe3NjcjtOlt+WujA=,dIHghrGKP866AvGiOAzlcLoEBO0=
19,20,/4BWX7rtaX+Qe3NjcjtOlt+WujA=,YZVmNeS/al2R1z2fVjMfuGBBBj4=
19,19,/4BWX7rtaX+Qe3NjcjtOlt+WujA=,a/EN7MSzy34aeaTPINsjPUty+GE=
16,25,/4BWX7rtaX+Qe3NjcjtOlt+WujA=,dIHghrGKP866AvGiOAzlcLoEBO0=
19,23,/4BWX7rtaX+Qe3NjcjtOlt+WujA=,YZVmNeS/al2R1z2fVjMfuGBBBj4=
18,20,/4BWX7rtaX+Qe3NjcjtOlt+WujA=,YZVmNeS/al2R1z2fVjMfuGBBBj4=
18,19,/4BWX7rtaX+Qe3NjcjtOlt+WujA=,a/EN7MSzy34aeaTPINsjPUty+GE=
16,18,/4BWX7rtaX+Qe3NjcjtOlt+WujA=,a/EN7MSzy34aeaTPINsjPUty+GE=
17,18,/4BWX7rtaX+Qe3NjcjtOlt+WujA=,a/EN7MSzy34aeaTPINsjPUty+GE=
16,24,/4BWX7rtaX+Qe3NjcjtOlt+WujA=,dIHghrGKP866AvGiOAzlcLoEBO0=
19,22,/4BWX7rtaX+Qe3NjcjtOlt+WujA=,YZVmNeS/al2R1z2fVjMfuGBBBj4=
18,25,/4BWX7rtaX+Qe3NjcjtOlt+WujA=,dIHghrGKP866AvGiOAzlcLoEBO0=
18,22,/4BWX7rtaX+Qe3NjcjtOlt+WujA=,YZVmNeS/al2R1z2fVjMfuGBBBj4=
19,25,/4BWX7rtaX+Qe3NjcjtOlt+WujA=,dIHghrGKP866AvGiOAzlcLoEBO0=
17,22,/4BWX7rtaX+Qe3NjcjtOlt+WujA=,YZVmNeS/al2R1z2fVjMfuGBBBj4=
17,24,/4BWX7rtaX+Qe3NjcjtOlt+WujA=,dIHghrGKP866AvGiOAzlcLoEBO0=
19,18,/4BWX7rtaX+Qe3NjcjtOlt+WujA=,a/EN7MSzy34aeaTPINsjPUty+GE=
19,21,/4BWX7rtaX+Qe3NjcjtOlt+WujA=,YZVmNeS/al2R1z2fVjMfuGBBBj4=
18,18,/4BWX7rtaX+Qe3NjcjtOlt+WujA=,a/EN7MSzy34aeaTPINsjPUty+GE=
18,21,/4BWX7rtaX+Qe3NjcjtOlt+WujA=,YZVmNeS/al2R1z2fVjMfuGBBBj4=
18,23,/4BWX7rtaX+Qe3NjcjtOlt+WujA=,YZVmNeS/al2R1z2fVjMfuGBBBj4=
16,19,/4BWX7rtaX+Qe3NjcjtOlt+WujA=,a/EN7MSzy34aeaTPINsjPUty+GE=
17,19,/4BWX7rtaX+Qe3NjcjtOlt+WujA=,a/EN7MSzy34aeaTPINsjPUty+GE=
18,24,/4BWX7rtaX+Qe3NjcjtOlt+WujA=,dIHghrGKP866AvGiOAzlcLoEBO0=
16,22,/4BWX7rtaX+Qe3NjcjtOlt+WujA=,YZVmNeS/al2R1z2fVjMfuGBBBj4=
16,23,/4BWX7rtaX+Qe3NjcjtOlt+WujA=,YZVmNeS/al2R1z2fVjMfuGBBBj4=
17,20,/4BWX7rtaX+Qe3NjcjtOlt+WujA=,YZVmNeS/al2R1z2fVjMfuGBBBj4=
17,23,/4BWX7rtaX+Qe3NjcjtOlt+WujA=,YZVmNeS/al2R1z2fVjMfuGBBBj4=
21,24,/4BWX7rtaX+Qe3NjcjtOlt+WujA=,RJwnk8FXT/QNVZ3E5CNSAMwqQ7Y=
19,24,/4BWX7rtaX+Qe3NjcjtOlt+WujA=,dIHghrGKP866AvGiOAzlcLoEBO0=
21,25,/4BWX7rtaX+Qe3NjcjtOlt+WujA=,RJwnk8FXT/QNVZ3E5CNSAMwqQ7Y=
17,21,/4BWX7rtaX+Qe3NjcjtOlt+WujA=,YZVmNeS/al2R1z2fVjMfuGBBBj4=
16,20,/4BWX7rtaX+Qe3NjcjtOlt+WujA=,YZVmNeS/al2R1z2fVjMfuGBBBj4=
20,24,/4BWX7rtaX+Qe3NjcjtOlt+WujA=,RJwnk8FXT/QNVZ3E5CNSAMwqQ7Y=
16,21,/4BWX7rtaX+Qe3NjcjtOlt+WujA=,YZVmNeS/al2R1z2fVjMfuGBBBj4=
20,25,/4BWX7rtaX+Qe3NjcjtOlt+WujA=,RJwnk8FXT/QNVZ3E5CNSAMwqQ7Y=
6,18,ehNXnHNlZNAO9SrJ6DelEZDNOyM=,KF1tGwkXr7AgSlWDgx+RB3Jyt0U=
9,18,ehNXnHNlZNAO9SrJ6DelEZDNOyM=,IE1qP9IpyJcfxIMKbOpm0Id9Zho=
8,18,ehNXnHNlZNAO9SrJ6DelEZDNOyM=,IE1qP9IpyJcfxIMKbOpm0Id9Zho=
7,19,ehNXnHNlZNAO9SrJ6DelEZDNOyM=,KF1tGwkXr7AgSlWDgx+RB3Jyt0U=
6,19,ehNXnHNlZNAO9SrJ6DelEZDNOyM=,KF1tGwkXr7AgSlWDgx+RB3Jyt0U=
9,19,ehNXnHNlZNAO9SrJ6DelEZDNOyM=,IE1qP9IpyJcfxIMKbOpm0Id9Zho=
8,19,ehNXnHNlZNAO9SrJ6DelEZDNOyM=,IE1qP9IpyJcfxIMKbOpm0Id9Zho=
7,18,ehNXnHNlZNAO9SrJ6DelEZDNOyM=,KF1tGwkXr7AgSlWDgx+RB3Jyt0U=
4,18,uL9B/gfeRem2iIcl/ReFdRsRaiM=,KF1tGwkXr7AgSlWDgx+RB3Jyt0U=
5,18,uL9B/gfeRem2iIcl/ReFdRsRaiM=,KF1tGwkXr7AgSlWDgx+RB3Jyt0U=
5,19,uL9B/gfeRem2iIcl/ReFdRsRaiM=,KF1tGwkXr7AgSlWDgx+RB3Jyt0U=
4,19,uL9B/gfeRem2iIcl/ReFdRsRaiM=,KF1tGwkXr7AgSlWDgx+RB3Jyt0U=
14,25,3nZ3Ix9NQP24+x6WRY7sKuAlh5E=,cJtF1ERAXrRP0fKsGmuA4bSPHcU=
15,24,3nZ3Ix9NQP24+x6WRY7sKuAlh5E=,cJtF1ERAXrRP0fKsGmuA4bSPHcU=
14,23,3nZ3Ix9NQP24+x6WRY7sKuAlh5E=,fGUKflPUGYR9XYQpYwpsNKzNTD8=
14,22,3nZ3Ix9NQP24+x6WRY7sKuAlh5E=,fGUKflPUGYR9XYQpYwpsNKzNTD8=
14,24,3nZ3Ix9NQP24+x6WRY7sKuAlh5E=,cJtF1ERAXrRP0fKsGmuA4bSPHcU=
15,25,3nZ3Ix9NQP24+x6WRY7sKuAlh5E=,cJtF1ERAXrRP0fKsGmuA4bSPHcU=
15,22,3nZ3Ix9NQP24+x6WRY7sKuAlh5E=,fGUKflPUGYR9XYQpYwpsNKzNTD8=
15,23,3nZ3Ix9NQP24+x6WRY7sKuAlh5E=,fGUKflPUGYR9XYQpYwpsNKzNTD8=
12,25,wnZLavBhHLmxZoKlaxpqzZcrKYo=,cJtF1ERAXrRP0fKsGmuA4bSPHcU=
13,25,wnZLavBhHLmxZoKlaxpqzZcrKYo=,cJtF1ERAXrRP0fKsGmuA4bSPHcU=
12,24,wnZLavBhHLmxZoKlaxpqzZcrKYo=,cJtF1ERAXrRP0fKsGmuA4bSPHcU=
13,23,wnZLavBhHLmxZoKlaxpqzZcrKYo=,fGUKflPUGYR9XYQpYwpsNKzNTD8=
12,23,wnZLavBhHLmxZoKlaxpqzZcrKYo=,fGUKflPUGYR9XYQpYwpsNKzNTD8=
13,22,wnZLavBhHLmxZoKlaxpqzZcrKYo=,fGUKflPUGYR9XYQpYwpsNKzNTD8=
12,22,wnZLavBhHLmxZoKlaxpqzZcrKYo=,fGUKflPUGYR9XYQpYwpsNKzNTD8=
13,24,wnZLavBhHLmxZoKlaxpqzZcrKYo=,cJtF1ERAXrRP0fKsGmuA4bSPHcU=
12,26,uL9B/gfeRem2iIcl/ReFdRsRaiM=,cJtF1ERAXrRP0fKsGmuA4bSPHcU=
13,26,uL9B/gfeRem2iIcl/ReFdRsRaiM=,cJtF1ERAXrRP0fKsGmuA4bSPHcU=
12,27,uL9B/gfeRem2iIcl/ReFdRsRaiM=,cJtF1ERAXrRP0fKsGmuA4bSPHcU=
13,27,uL9B/gfeRem2iIcl/ReFdRsRaiM=,cJtF1ERAXrRP0fKsGmuA4bSPHcU=
14,26,uL9B/gfeRem2iIcl/ReFdRsRaiM=,cJtF1ERAXrRP0fKsGmuA4bSPHcU=
15,26,uL9B/gfeRem2iIcl/ReFdRsRaiM=,cJtF1ERAXrRP0fKsGmuA4bSPHcU=
14,27,uL9B/gfeRem2iIcl/ReFdRsRaiM=,cJtF1ERAXrRP0fKsGmuA4bSPHcU=
15,27,uL9B/gfeRem2iIcl/ReFdRsRaiM=,cJtF1ERAXrRP0fKsGmuA4bSPHcU=
12,21,wnZLavBhHLmxZoKlaxpqzZcrKYo=,fGUKflPUGYR9XYQpYwpsNKzNTD8=
15,16,3nZ3Ix9NQP24+x6WRY7sKuAlh5E=,huG9AUg1vq8xpTJDsGhxa/ZtU1Q=
14,16,3nZ3Ix9NQP24+x6WRY7sKuAlh5E=,huG9AUg1vq8xpTJDsGhxa/ZtU1Q=
15,20,3nZ3Ix9NQP24+x6WRY7sKuAlh5E=,fGUKflPUGYR9XYQpYwpsNKzNTD8=
14,20,3nZ3Ix9NQP24+x6WRY7sKuAlh5E=,fGUKflPUGYR9XYQpYwpsNKzNTD8=
11,18,wnZLavBhHLmxZoKlaxpqzZcrKYo=,IE1qP9IpyJcfxIMKbOpm0Id9Zho=
10,18,wnZLavBhHLmxZoKlaxpqzZcrKYo=,IE1qP9IpyJcfxIMKbOpm0Id9Zho=
12,20,wnZLavBhHLmxZoKlaxpqzZcrKYo=,fGUKflPUGYR9XYQpYwpsNKzNTD8=
11,19,wnZLavBhHLmxZoKlaxpqzZcrKYo=,IE1qP9IpyJcfxIMKbOpm0Id9Zho=
10,19,wnZLavBhHLmxZoKlaxpqzZcrKYo=,IE1qP9IpyJcfxIMKbOpm0Id9Zho=
15,18,3nZ3Ix9NQP24+x6WRY7sKuAlh5E=,huG9AUg1vq8xpTJDsGhxa/ZtU1Q=
14,18,3nZ3Ix9NQP24+x6WRY7sKuAlh5E=,huG9AUg1vq8xpTJDsGhxa/ZtU1Q=
13,20,wnZLavBhHLmxZoKlaxpqzZcrKYo=,fGUKflPUGYR9XYQpYwpsNKzNTD8=
13,18,wnZLavBhHLmxZoKlaxpqzZcrKYo=,huG9AUg1vq8xpTJDsGhxa/ZtU1Q=
12,19,wnZLavBhHLmxZoKlaxpqzZcrKYo=,huG9AUg1vq8xpTJDsGhxa/ZtU1Q=
15,17,3nZ3Ix9NQP24+x6WRY7sKuAlh5E=,huG9AUg1vq8xpTJDsGhxa/ZtU1Q=
15,19,3nZ3Ix9NQP24+x6WRY7sKuAlh5E=,huG9AUg1vq8xpTJDsGhxa/ZtU1Q=
14,17,3nZ3Ix9NQP24+x6WRY7sKuAlh5E=,huG9AUg1vq8xpTJDsGhxa/ZtU1Q=
12,18,wnZLavBhHLmxZoKlaxpqzZcrKYo=,huG9AUg1vq8xpTJDsGhxa/ZtU1Q=
14,21,3nZ3Ix9NQP24+x6WRY7sKuAlh5E=,fGUKflPUGYR9XYQpYwpsNKzNTD8=
13,21,wnZLavBhHLmxZoKlaxpqzZcrKYo=,fGUKflPUGYR9XYQpYwpsNKzNTD8=
14,19,3nZ3Ix9NQP24+x6WRY7sKuAlh5E=,huG9AUg1vq8xpTJDsGhxa/ZtU1Q=
15,21,3nZ3Ix9NQP24+x6WRY7sKuAlh5E=,fGUKflPUGYR9XYQpYwpsNKzNTD8=
13,19,wnZLavBhHLmxZoKlaxpqzZcrKYo=,huG9AUg1vq8xpTJDsGhxa/ZtU1Q=
13,16,3nZ3Ix9NQP24+x6WRY7sKuAlh5E=,huG9AUg1vq8xpTJDsGhxa/ZtU1Q=
12,16,3nZ3Ix9NQP24+x6WRY7sKuAlh5E=,huG9AUg1vq8xpTJDsGhxa/ZtU1Q=
12,17,3nZ3Ix9NQP24+x6WRY7sKuAlh5E=,huG9AUg1vq8xpTJDsGhxa/ZtU1Q=
11,16,3nZ3Ix9NQP24+x6WRY7sKuAlh5E=,IE1qP9IpyJcfxIMKbOpm0Id9Zho=
13,17,3nZ3Ix9NQP24+x6WRY7sKuAlh5E=,huG9AUg1vq8xpTJDsGhxa/ZtU1Q=
11,17,3nZ3Ix9NQP24+x6WRY7sKuAlh5E=,IE1qP9IpyJcfxIMKbOpm0Id9Zho=
10,17,3nZ3Ix9NQP24+x6WRY7sKuAlh5E=,IE1qP9IpyJcfxIMKbOpm0Id9Zho=
10,16,3nZ3Ix9NQP24+x6WRY7sKuAlh5E=,IE1qP9IpyJcfxIMKbOpm0Id9Zho=
6,17,3nZ3Ix9NQP24+x6WRY7sKuAlh5E=,KF1tGwkXr7AgSlWDgx+RB3Jyt0U=
5,16,uL9B/gfeRem2iIcl/ReFdRsRaiM=,KF1tGwkXr7AgSlWDgx+RB3Jyt0U=
4,16,uL9B/gfeRem2iIcl/ReFdRsRaiM=,KF1tGwkXr7AgSlWDgx+RB3Jyt0U=
5,17,uL9B/gfeRem2iIcl/ReFdRsRaiM=,KF1tGwkXr7AgSlWDgx+RB3Jyt0U=
8,17,3nZ3Ix9NQP24+x6WRY7sKuAlh5E=,IE1qP9IpyJcfxIMKbOpm0Id9Zho=
9,17,3nZ3Ix9NQP24+x6WRY7sKuAlh5E=,IE1qP9IpyJcfxIMKbOpm0Id9Zho=
4,17,uL9B/gfeRem2iIcl/ReFdRsRaiM=,KF1tGwkXr7AgSlWDgx+RB3Jyt0U=
9,16,3nZ3Ix9NQP24+x6WRY7sKuAlh5E=,IE1qP9IpyJcfxIMKbOpm0Id9Zho=
6,16,3nZ3Ix9NQP24+x6WRY7sKuAlh5E=,KF1tGwkXr7AgSlWDgx+RB3Jyt0U=
7,17,3nZ3Ix9NQP24+x6WRY7sKuAlh5E=,KF1tGwkXr7AgSlWDgx+RB3Jyt0U=
8,16,3nZ3Ix9NQP24+x6WRY7sKuAlh5E=,IE1qP9IpyJcfxIMKbOpm0Id9Zho=
7,16,3nZ3Ix9NQP24+x6WRY7sKuAlh5E=,KF1tGwkXr7AgSlWDgx+RB3Jyt0U=
3,8,2v8B1kyrkrpNdXNolmDcguvU2TM=,3bw7YE6rM+gCZdbE4+cHky+UphQ=
2,9,2v8B1kyrkrpNdXNolmDcguvU2TM=,3bw7YE6rM+gCZdbE4+cHky+UphQ=
2,8,2v8B1kyrkrpNdXNolmDcguvU2TM=,3bw7YE6rM+gCZdbE4+cHky+UphQ=
3,9,2v8B1kyrkrpNdXNolmDcguvU2TM=,3bw7YE6rM+gCZdbE4+cHky+UphQ=
3,12,U/NlRPvMYPIy38xOFNpxRQ6tzgg=,vlZ2h/6wUtz2NBRVCGNG3JsSwX4=
3,13,U/NlRPvMYPIy38xOFNpxRQ6tzgg=,vlZ2h/6wUtz2NBRVCGNG3JsSwX4=
2,11,U/NlRPvMYPIy38xOFNpxRQ6tzgg=,3bw7YE6rM+gCZdbE4+cHky+UphQ=
2,10,U/NlRPvMYPIy38xOFNpxRQ6tzgg=,3bw7YE6rM+gCZdbE4+cHky+UphQ=
3,10,U/NlRPvMYPIy38xOFNpxRQ6tzgg=,3bw7YE6rM+gCZdbE4+cHky+UphQ=
2,12,U/NlRPvMYPIy38xOFNpxRQ6tzgg=,vlZ2h/6wUtz2NBRVCGNG3JsSwX4=
3,11,U/NlRPvMYPIy38xOFNpxRQ6tzgg=,3bw7YE6rM+gCZdbE4+cHky+UphQ=
2,13,U/NlRPvMYPIy38xOFNpxRQ6tzgg=,vlZ2h/6wUtz2NBRVCGNG3JsSwX4=
0,12,U/NlRPvMYPIy38xOFNpxRQ6tzgg=,vlZ2h/6wUtz2NBRVCGNG3JsSwX4=
1,11,U/NlRPvMYPIy38xOFNpxRQ6tzgg=,3bw7YE6rM+gCZdbE4+cHky+UphQ=
0,13,U/NlRPvMYPIy38xOFNpxRQ6tzgg=,vlZ2h/6wUtz2NBRVCGNG3JsSwX4=
0,11,U/NlRPvMYPIy38xOFNpxRQ6tzgg=,3bw7YE6rM+gCZdbE4+cHky+UphQ=
1,9,U/NlRPvMYPIy38xOFNpxRQ6tzgg=,3bw7YE6rM+gCZdbE4+cHky+UphQ=
1,10,U/NlRPvMYPIy38xOFNpxRQ6tzgg=,3bw7YE6rM+gCZdbE4+cHky+UphQ=
0,10,U/NlRPvMYPIy38xOFNpxRQ6tzgg=,3bw7YE6rM+gCZdbE4+cHky+UphQ=
1,8,U/NlRPvMYPIy38xOFNpxRQ6tzgg=,3bw7YE6rM+gCZdbE4+cHky+UphQ=
1,12,U/NlRPvMYPIy38xOFNpxRQ6tzgg=,vlZ2h/6wUtz2NBRVCGNG3JsSwX4=
0,9,U/NlRPvMYPIy38xOFNpxRQ6tzgg=,3bw7YE6rM+gCZdbE4+cHky+UphQ=
1,13,U/NlRPvMYPIy38xOFNpxRQ6tzgg=,vlZ2h/6wUtz2NBRVCGNG3JsSwX4=
0,8,U/NlRPvMYPIy38xOFNpxRQ6tzgg=,3bw7YE6rM+gCZdbE4+cHky+UphQ=
1,14,U/NlRPvMYPIy38xOFNpxRQ6tzgg=,vlZ2h/6wUtz2NBRVCGNG3JsSwX4=
2,14,U/NlRPvMYPIy38xOFNpxRQ6tzgg=,vlZ2h/6wUtz2NBRVCGNG3JsSwX4=
3,15,U/NlRPvMYPIy38xOFNpxRQ6tzgg=,vlZ2h/6wUtz2NBRVCGNG3JsSwX4=
3,14,U/NlRPvMYPIy38xOFNpxRQ6tzgg=,vlZ2h/6wUtz2NBRVCGNG3JsSwX4=
0,15,U/NlRPvMYPIy38xOFNpxRQ6tzgg=,vlZ2h/6wUtz2NBRVCGNG3JsSwX4=
1,15,U/NlRPvMYPIy38xOFNpxRQ6tzgg=,vlZ2h/6wUtz2NBRVCGNG3JsSwX4=
0,14,U/NlRPvMYPIy38xOFNpxRQ6tzgg=,vlZ2h/6wUtz2NBRVCGNG3JsSwX4=
2,15,U/NlRPvMYPIy38xOFNpxRQ6tzgg=,vlZ2h/6wUtz2NBRVCGNG3JsSwX4=
11,23,wnZLavBhHLmxZoKlaxpqzZcrKYo=,DEbsXnOqe6Ai2YcZExkNPKH7VyU=
10,23,wnZLavBhHLmxZoKlaxpqzZcrKYo=,DEbsXnOqe6Ai2YcZExkNPKH7VyU=
11,22,wnZLavBhHLmxZoKlaxpqzZcrKYo=,DEbsXnOqe6Ai2YcZExkNPKH7VyU=
10,22,wnZLavBhHLmxZoKlaxpqzZcrKYo=,DEbsXnOqe6Ai2YcZExkNPKH7VyU=
11,25,wnZLavBhHLmxZoKlaxpqzZcrKYo=,yPtzLn8+qBiovl/+Qw8gk6q7ozI=
10,25,wnZLavBhHLmxZoKlaxpqzZcrKYo=,yPtzLn8+qBiovl/+Qw8gk6q7ozI=
11,24,wnZLavBhHLmxZoKlaxpqzZcrKYo=,yPtzLn8+qBiovl/+Qw8gk6q7ozI=
10,24,wnZLavBhHLmxZoKlaxpqzZcrKYo=,yPtzLn8+qBiovl/+Qw8gk6q7ozI=
8,24,wnZLavBhHLmxZoKlaxpqzZcrKYo=,yPtzLn8+qBiovl/+Qw8gk6q7ozI=
9,24,wnZLavBhHLmxZoKlaxpqzZcrKYo=,yPtzLn8+qBiovl/+Qw8gk6q7ozI=
6,24,wnZLavBhHLmxZoKlaxpqzZcrKYo=,Ih1TZzD12RVYbvUsH/X3RvouZkU=
8,25,wnZLavBhHLmxZoKlaxpqzZcrKYo=,yPtzLn8+qBiovl/+Qw8gk6q7ozI=
9,25,wnZLavBhHLmxZoKlaxpqzZcrKYo=,yPtzLn8+qBiovl/+Qw8gk6q7ozI=
8,22,wnZLavBhHLmxZoKlaxpqzZcrKYo=,DEbsXnOqe6Ai2YcZExkNPKH7VyU=
7,24,wnZLavBhHLmxZoKlaxpqzZcrKYo=,Ih1TZzD12RVYbvUsH/X3RvouZkU=
6,23,wnZLavBhHLmxZoKlaxpqzZcrKYo=,VE0pnsY0vzdBEZ166PDFasQWkbY=
7,23,wnZLavBhHLmxZoKlaxpqzZcrKYo=,VE0pnsY0vzdBEZ166PDFasQWkbY=
9,22,wnZLavBhHLmxZoKlaxpqzZcrKYo=,DEbsXnOqe6Ai2YcZExkNPKH7VyU=
6,25,wnZLavBhHLmxZoKlaxpqzZcrKYo=,Ih1TZzD12RVYbvUsH/X3RvouZkU=
7,25,wnZLavBhHLmxZoKlaxpqzZcrKYo=,Ih1TZzD12RVYbvUsH/X3RvouZkU=
6,22,wnZLavBhHLmxZoKlaxpqzZcrKYo=,VE0pnsY0vzdBEZ166PDFasQWkbY=
7,22,wnZLavBhHLmxZoKlaxpqzZcrKYo=,VE0pnsY0vzdBEZ166PDFasQWkbY=
8,23,wnZLavBhHLmxZoKlaxpqzZcrKYo=,DEbsXnOqe6Ai2YcZExkNPKH7VyU=
9,23,wnZLavBhHLmxZoKlaxpqzZcrKYo=,DEbsXnOqe6Ai2YcZExkNPKH7VyU=
10,20,wnZLavBhHLmxZoKlaxpqzZcrKYo=,DEbsXnOqe6Ai2YcZExkNPKH7VyU=
11,20,wnZLavBhHLmxZoKlaxpqzZcrKYo=,DEbsXnOqe6Ai2YcZExkNPKH7VyU=
10,21,wnZLavBhHLmxZoKlaxpqzZcrKYo=,DEbsXnOqe6Ai2YcZExkNPKH7VyU=
11,21,wnZLavBhHLmxZoKlaxpqzZcrKYo=,DEbsXnOqe6Ai2YcZExkNPKH7VyU=
2,23,ehNXnHNlZNAO9SrJ6DelEZDNOyM=,7wu7RFQc1J0wl28Te+eZQKasJvg=
3,23,ehNXnHNlZNAO9SrJ6DelEZDNOyM=,7wu7RFQc1J0wl28Te+eZQKasJvg=
4,24,ehNXnHNlZNAO9SrJ6DelEZDNOyM=,Ih1TZzD12RVYbvUsH/X3RvouZkU=
5,24,ehNXnHNlZNAO9SrJ6DelEZDNOyM=,Ih1TZzD12RVYbvUsH/X3RvouZkU=
4,23,ehNXnHNlZNAO9SrJ6DelEZDNOyM=,VE0pnsY0vzdBEZ166PDFasQWkbY=
5,23,ehNXnHNlZNAO9SrJ6DelEZDNOyM=,VE0pnsY0vzdBEZ166PDFasQWkbY=
4,25,ehNXnHNlZNAO9SrJ6DelEZDNOyM=,Ih1TZzD12RVYbvUsH/X3RvouZkU=
5,25,ehNXnHNlZNAO9SrJ6DelEZDNOyM=,Ih1TZzD12RVYbvUsH/X3RvouZkU=
4,22,ehNXnHNlZNAO9SrJ6DelEZDNOyM=,VE0pnsY0vzdBEZ166PDFasQWkbY=
5,22,ehNXnHNlZNAO9SrJ6DelEZDNOyM=,VE0pnsY0vzdBEZ166PDFasQWkbY=
2,22,ehNXnHNlZNAO9SrJ6DelEZDNOyM=,7wu7RFQc1J0wl28Te+eZQKasJvg=
3,22,ehNXnHNlZNAO9SrJ6DelEZDNOyM=,7wu7RFQc1J0wl28Te+eZQKasJvg=
6,26,ehNXnHNlZNAO9SrJ6DelEZDNOyM=,Ih1TZzD12RVYbvUsH/X3RvouZkU=
7,26,ehNXnHNlZNAO9SrJ6DelEZDNOyM=,Ih1TZzD12RVYbvUsH/X3RvouZkU=
6,29,ehNXnHNlZNAO9SrJ6DelEZDNOyM=,zqwlIY/iMztzfvYkYMnRmTVNFBY=
9,27,ehNXnHNlZNAO9SrJ6DelEZDNOyM=,yPtzLn8+qBiovl/+Qw8gk6q7ozI=
7,29,ehNXnHNlZNAO9SrJ6DelEZDNOyM=,zqwlIY/iMztzfvYkYMnRmTVNFBY=
8,28,ehNXnHNlZNAO9SrJ6DelEZDNOyM=,MU5ht9/WjUWc8LyKYf2GACvaPTo=
9,28,ehNXnHNlZNAO9SrJ6DelEZDNOyM=,MU5ht9/WjUWc8LyKYf2GACvaPTo=
8,27,ehNXnHNlZNAO9SrJ6DelEZDNOyM=,yPtzLn8+qBiovl/+Qw8gk6q7ozI=
9,29,ehNXnHNlZNAO9SrJ6DelEZDNOyM=,MU5ht9/WjUWc8LyKYf2GACvaPTo=
6,27,ehNXnHNlZNAO9SrJ6DelEZDNOyM=,Ih1TZzD12RVYbvUsH/X3RvouZkU=
8,26,ehNXnHNlZNAO9SrJ6DelEZDNOyM=,yPtzLn8+qBiovl/+Qw8gk6q7ozI=
7,27,ehNXnHNlZNAO9SrJ6DelEZDNOyM=,Ih1TZzD12RVYbvUsH/X3RvouZkU=
9,26,ehNXnHNlZNAO9SrJ6DelEZDNOyM=,yPtzLn8+qBiovl/+Qw8gk6q7ozI=
8,29,ehNXnHNlZNAO9SrJ6DelEZDNOyM=,MU5ht9/WjUWc8LyKYf2GACvaPTo=
6,28,ehNXnHNlZNAO9SrJ6DelEZDNOyM=,zqwlIY/iMztzfvYkYMnRmTVNFBY=
7,28,ehNXnHNlZNAO9SrJ6DelEZDNOyM=,zqwlIY/iMztzfvYkYMnRmTVNFBY=
9,21,ehNXnHNlZNAO9SrJ6DelEZDNOyM=,DEbsXnOqe6Ai2YcZExkNPKH7VyU=
7,21,ehNXnHNlZNAO9SrJ6DelEZDNOyM=,VE0pnsY0vzdBEZ166PDFasQWkbY=
6,21,ehNXnHNlZNAO9SrJ6DelEZDNOyM=,VE0pnsY0vzdBEZ166PDFasQWkbY=
8,21,ehNXnHNlZNAO9SrJ6DelEZDNOyM=,DEbsXnOqe6Ai2YcZExkNPKH7VyU=
7,20,ehNXnHNlZNAO9SrJ6DelEZDNOyM=,VE0pnsY0vzdBEZ166PDFasQWkbY=
9,20,ehNXnHNlZNAO9SrJ6DelEZDNOyM=,DEbsXnOqe6Ai2YcZExkNPKH7VyU=
8,20,ehNXnHNlZNAO9SrJ6DelEZDNOyM=,DEbsXnOqe6Ai2YcZExkNPKH7VyU=
6,20,ehNXnHNlZNAO9SrJ6DelEZDNOyM=,VE0pnsY0vzdBEZ166PDFasQWkbY=
0,21,uL9B/gfeRem2iIcl/ReFdRsRaiM=,7wu7RFQc1J0wl28Te+eZQKasJvg=
1,21,uL9B/gfeRem2iIcl/ReFdRsRaiM=,7wu7RFQc1J0wl28Te+eZQKasJvg=
0,19,uL9B/gfeRem2iIcl/ReFdRsRaiM=,ukWKcx8b/Vd+JGQZ8e2FFVtUHSU=
3,18,uL9B/gfeRem2iIcl/ReFdRsRaiM=,ukWKcx8b/Vd+JGQZ8e2FFVtUHSU=
2,18,uL9B/gfeRem2iIcl/ReFdRsRaiM=,ukWKcx8b/Vd+JGQZ8e2FFVtUHSU=
2,17,uL9B/gfeRem2iIcl/ReFdRsRaiM=,ukWKcx8b/Vd+JGQZ8e2FFVtUHSU=
3,17,uL9B/gfeRem2iIcl/ReFdRsRaiM=,ukWKcx8b/Vd+JGQZ8e2FFVtUHSU=
1,19,uL9B/gfeRem2iIcl/ReFdRsRaiM=,ukWKcx8b/Vd+JGQZ8e2FFVtUHSU=
4,20,uL9B/gfeRem2iIcl/ReFdRsRaiM=,VE0pnsY0vzdBEZ166PDFasQWkbY=
2,19,uL9B/gfeRem2iIcl/ReFdRsRaiM=,ukWKcx8b/Vd+JGQZ8e2FFVtUHSU=
0,20,uL9B/gfeRem2iIcl/ReFdRsRaiM=,7wu7RFQc1J0wl28Te+eZQKasJvg=
1,20,uL9B/gfeRem2iIcl/ReFdRsRaiM=,7wu7RFQc1J0wl28Te+eZQKasJvg=
0,17,uL9B/gfeRem2iIcl/ReFdRsRaiM=,ukWKcx8b/Vd+JGQZ8e2FFVtUHSU=
2,21,uL9B/gfeRem2iIcl/ReFdRsRaiM=,7wu7RFQc1J0wl28Te+eZQKasJvg=
3,21,uL9B/gfeRem2iIcl/ReFdRsRaiM=,7wu7RFQc1J0wl28Te+eZQKasJvg=
3,19,uL9B/gfeRem2iIcl/ReFdRsRaiM=,ukWKcx8b/Vd+JGQZ8e2FFVtUHSU=
4,21,uL9B/gfeRem2iIcl/ReFdRsRaiM=,VE0pnsY0vzdBEZ166PDFasQWkbY=
5,20,uL9B/gfeRem2iIcl/ReFdRsRaiM=,VE0pnsY0vzdBEZ166PDFasQWkbY=
5,21,uL9B/gfeRem2iIcl/ReFdRsRaiM=,VE0pnsY0vzdBEZ166PDFasQWkbY=
2,20,uL9B/gfeRem2iIcl/ReFdRsRaiM=,7wu7RFQc1J0wl28Te+eZQKasJvg=
1,17,uL9B/gfeRem2iIcl/ReFdRsRaiM=,ukWKcx8b/Vd+JGQZ8e2FFVtUHSU=
3,20,uL9B/gfeRem2iIcl/ReFdRsRaiM=,7wu7RFQc1J0wl28Te+eZQKasJvg=
0,16,uL9B/gfeRem2iIcl/ReFdRsRaiM=,ukWKcx8b/Vd+JGQZ8e2FFVtUHSU=
0,18,uL9B/gfeRem2iIcl/ReFdRsRaiM=,ukWKcx8b/Vd+JGQZ8e2FFVtUHSU=
1,16,uL9B/gfeRem2iIcl/ReFdRsRaiM=,ukWKcx8b/Vd+JGQZ8e2FFVtUHSU=
2,16,uL9B/gfeRem2iIcl/ReFdRsRaiM=,ukWKcx8b/Vd+JGQZ8e2FFVtUHSU=
3,16,uL9B/gfeRem2iIcl/ReFdRsRaiM=,ukWKcx8b/Vd+JGQZ8e2FFVtUHSU=
1,18,uL9B/gfeRem2iIcl/ReFdRsRaiM=,ukWKcx8b/Vd+JGQZ8e2FFVtUHSU=
11,27,uL9B/gfeRem2iIcl/ReFdRsRaiM=,yPtzLn8+qBiovl/+Qw8gk6q7ozI=
13,31,uL9B/gfeRem2iIcl/ReFdRsRaiM=,g/FwvN/eX7DoyDd62OX6xrXFO9E=
12,31,uL9B/gfeRem2iIcl/ReFdRsRaiM=,g/FwvN/eX7DoyDd62OX6xrXFO9E=
13,30,uL9B/gfeRem2iIcl/ReFdRsRaiM=,g/FwvN/eX7DoyDd62OX6xrXFO9E=
10,27,uL9B/gfeRem2iIcl/ReFdRsRaiM=,yPtzLn8+qBiovl/+Qw8gk6q7ozI=
11,31,uL9B/gfeRem2iIcl/ReFdRsRaiM=,MU5ht9/WjUWc8LyKYf2GACvaPTo=
12,30,uL9B/gfeRem2iIcl/ReFdRsRaiM=,g/FwvN/eX7DoyDd62OX6xrXFO9E=
13,29,uL9B/gfeRem2iIcl/ReFdRsRaiM=,g/FwvN/eX7DoyDd62OX6xrXFO9E=
12,29,uL9B/gfeRem2iIcl/ReFdRsRaiM=,g/FwvN/eX7DoyDd62OX6xrXFO9E=
13,28,uL9B/gfeRem2iIcl/ReFdRsRaiM=,g/FwvN/eX7DoyDd62OX6xrXFO9E=
12,28,uL9B/gfeRem2iIcl/ReFdRsRaiM=,g/FwvN/eX7DoyDd62OX6xrXFO9E=
10,28,uL9B/gfeRem2iIcl/ReFdRsRaiM=,MU5ht9/WjUWc8LyKYf2GACvaPTo=
11,28,uL9B/gfeRem2iIcl/ReFdRsRaiM=,MU5ht9/WjUWc8LyKYf2GACvaPTo=
10,26,uL9B/gfeRem2iIcl/ReFdRsRaiM=,yPtzLn8+qBiovl/+Qw8gk6q7ozI=
11,26,uL9B/gfeRem2iIcl/ReFdRsRaiM=,yPtzLn8+qBiovl/+Qw8gk6q7ozI=
10,29,uL9B/gfeRem2iIcl/ReFdRsRaiM=,MU5ht9/WjUWc8LyKYf2GACvaPTo=
11,29,uL9B/gfeRem2iIcl/ReFdRsRaiM=,MU5ht9/WjUWc8LyKYf2GACvaPTo=
10,30,uL9B/gfeRem2iIcl/ReFdRsRaiM=,MU5ht9/WjUWc8LyKYf2GACvaPTo=
11,30,uL9B/gfeRem2iIcl/ReFdRsRaiM=,MU5ht9/WjUWc8LyKYf2GACvaPTo=
10,31,uL9B/gfeRem2iIcl/ReFdRsRaiM=,MU5ht9/WjUWc8LyKYf2GACvaPTo=
15,29,uL9B/gfeRem2iIcl/ReFdRsRaiM=,g/FwvN/eX7DoyDd62OX6xrXFO9E=
14,29,uL9B/gfeRem2iIcl/ReFdRsRaiM=,g/FwvN/eX7DoyDd62OX6xrXFO9E=
15,28,uL9B/gfeRem2iIcl/ReFdRsRaiM=,g/FwvN/eX7DoyDd62OX6xrXFO9E=
14,28,uL9B/gfeRem2iIcl/ReFdRsRaiM=,g/FwvN/eX7DoyDd62OX6xrXFO9E=
4,26,uL9B/gfeRem2iIcl/ReFdRsRaiM=,Ih1TZzD12RVYbvUsH/X3RvouZkU=
5,26,uL9B/gfeRem2iIcl/ReFdRsRaiM=,Ih1TZzD12RVYbvUsH/X3RvouZkU=
4,28,uL9B/gfeRem2iIcl/ReFdRsRaiM=,zqwlIY/iMztzfvYkYMnRmTVNFBY=
5,28,uL9B/gfeRem2iIcl/ReFdRsRaiM=,zqwlIY/iMztzfvYkYMnRmTVNFBY=
4,27,uL9B/gfeRem2iIcl/ReFdRsRaiM=,Ih1TZzD12RVYbvUsH/X3RvouZkU=
5,27,uL9B/gfeRem2iIcl/ReFdRsRaiM=,Ih1TZzD12RVYbvUsH/X3RvouZkU=
4,29,uL9B/gfeRem2iIcl/ReFdRsRaiM=,zqwlIY/iMztzfvYkYMnRmTVNFBY=
5,29,uL9B/gfeRem2iIcl/ReFdRsRaiM=,zqwlIY/iMztzfvYkYMnRmTVNFBY=
6,30,uL9B/gfeRem2iIcl/ReFdRsRaiM=,zqwlIY/iMztzfvYkYMnRmTVNFBY=
7,31,uL9B/gfeRem2iIcl/ReFdRsRaiM=,zqwlIY/iMztzfvYkYMnRmTVNFBY=
9,31,uL9B/gfeRem2iIcl/ReFdRsRaiM=,MU5ht9/WjUWc8LyKYf2GACvaPTo=
8,31,uL9B/gfeRem2iIcl/ReFdRsRaiM=,MU5ht9/WjUWc8LyKYf2GACvaPTo=
9,30,uL9B/gfeRem2iIcl/ReFdRsRaiM=,MU5ht9/WjUWc8LyKYf2GACvaPTo=
8,30,uL9B/gfeRem2iIcl/ReFdRsRaiM=,MU5ht9/WjUWc8LyKYf2GACvaPTo=
7,30,uL9B/gfeRem2iIcl/ReFdRsRaiM=,zqwlIY/iMztzfvYkYMnRmTVNFBY=
6,31,uL9B/gfeRem2iIcl/ReFdRsRaiM=,zqwlIY/iMztzfvYkYMnRmTVNFBY=
4,30,uL9B/gfeRem2iIcl/ReFdRsRaiM=,zqwlIY/iMztzfvYkYMnRmTVNFBY=
5,30,uL9B/gfeRem2iIcl/ReFdRsRaiM=,zqwlIY/iMztzfvYkYMnRmTVNFBY=
4,31,uL9B/gfeRem2iIcl/ReFdRsRaiM=,zqwlIY/iMztzfvYkYMnRmTVNFBY=
5,31,uL9B/gfeRem2iIcl/ReFdRsRaiM=,zqwlIY/iMztzfvYkYMnRmTVNFBY=
0,23,uL9B/gfeRem2iIcl/ReFdRsRaiM=,7wu7RFQc1J0wl28Te+eZQKasJvg=
1,23,uL9B/gfeRem2iIcl/ReFdRsRaiM=,7wu7RFQc1J0wl28Te+eZQKasJvg=
0,22,uL9B/gfeRem2iIcl/ReFdRsRaiM=,7wu7RFQc1J0wl28Te+eZQKasJvg=
1,22,uL9B/gfeRem2iIcl/ReFdRsRaiM=,7wu7RFQc1J0wl28Te+eZQKasJvg=
15,31,uL9B/gfeRem2iIcl/ReFdRsRaiM=,g/FwvN/eX7DoyDd62OX6xrXFO9E=
14,31,uL9B/gfeRem2iIcl/ReFdRsRaiM=,g/FwvN/eX7DoyDd62OX6xrXFO9E=
15,30,uL9B/gfeRem2iIcl/ReFdRsRaiM=,g/FwvN/eX7DoyDd62OX6xrXFO9E=
14,30,uL9B/gfeRem2iIcl/ReFdRsRaiM=,g/FwvN/eX7DoyDd62OX6xrXFO9E=
24,29,wxj1gzYnsHIedR/epiSxInO5YAw=,mxtD1x/9EXl7u4CzZe+5fP06VJ8=
25,26,wxj1gzYnsHIedR/epiSxInO5YAw=,6D1ZeisXqvUJ6rmJcS0XUqqdF0Y=
24,26,wxj1gzYnsHIedR/epiSxInO5YAw=,6D1ZeisXqvUJ6rmJcS0XUqqdF0Y=
25,28,wxj1gzYnsHIedR/epiSxInO5YAw=,mxtD1x/9EXl7u4CzZe+5fP06VJ8=
24,28,wxj1gzYnsHIedR/epiSxInO5YAw=,mxtD1x/9EXl7u4CzZe+5fP06VJ8=
23,29,wxj1gzYnsHIedR/epiSxInO5YAw=,eIzPSa+0VnCCSy2gH7/Q/HrWw90=
25,27,wxj1gzYnsHIedR/epiSxInO5YAw=,6D1ZeisXqvUJ6rmJcS0XUqqdF0Y=
24,27,wxj1gzYnsHIedR/epiSxInO5YAw=,6D1ZeisXqvUJ6rmJcS0XUqqdF0Y=
22,28,wxj1gzYnsHIedR/epiSxInO5YAw=,eIzPSa+0VnCCSy2gH7/Q/HrWw90=
22,29,wxj1gzYnsHIedR/epiSxInO5YAw=,eIzPSa+0VnCCSy2gH7/Q/HrWw90=
25,29,wxj1gzYnsHIedR/epiSxInO5YAw=,mxtD1x/9EXl7u4CzZe+5fP06VJ8=
23,28,wxj1gzYnsHIedR/epiSxInO5YAw=,eIzPSa+0VnCCSy2gH7/Q/HrWw90=
20,28,wxj1gzYnsHIedR/epiSxInO5YAw=,eIzPSa+0VnCCSy2gH7/Q/HrWw90=
21,28,wxj1gzYnsHIedR/epiSxInO5YAw=,eIzPSa+0VnCCSy2gH7/Q/HrWw90=
16,28,wxj1gzYnsHIedR/epiSxInO5YAw=,bEa8KZhqlLEzax3haqsA40golHA=
17,28,wxj1gzYnsHIedR/epiSxInO5YAw=,bEa8KZhqlLEzax3haqsA40golHA=
16,29,wxj1gzYnsHIedR/epiSxInO5YAw=,bEa8KZhqlLEzax3haqsA40golHA=
19,29,wxj1gzYnsHIedR/epiSxInO5YAw=,bEa8KZhqlLEzax3haqsA40golHA=
17,29,wxj1gzYnsHIedR/epiSxInO5YAw=,bEa8KZhqlLEzax3haqsA40golHA=
18,29,wxj1gzYnsHIedR/epiSxInO5YAw=,bEa8KZhqlLEzax3haqsA40golHA=
19,28,wxj1gzYnsHIedR/epiSxInO5YAw=,bEa8KZhqlLEzax3haqsA40golHA=
18,28,wxj1gzYnsHIedR/epiSxInO5YAw=,bEa8KZhqlLEzax3haqsA40golHA=
21,29,wxj1gzYnsHIedR/epiSxInO5YAw=,eIzPSa+0VnCCSy2gH7/Q/HrWw90=
20,29,wxj1gzYnsHIedR/epiSxInO5YAw=,eIzPSa+0VnCCSy2gH7/Q/HrWw90=
26,29,wxj1gzYnsHIedR/epiSxInO5YAw=,mxtD1x/9EXl7u4CzZe+5fP06VJ8=
27,29,wxj1gzYnsHIedR/epiSxInO5YAw=,mxtD1x/9EXl7u4CzZe+5fP06VJ8=
26,27,wxj1gzYnsHIedR/epiSxInO5YAw=,6D1ZeisXqvUJ6rmJcS0XUqqdF0Y=
27,27,wxj1gzYnsHIedR/epiSxInO5YAw=,6D1ZeisXqvUJ6rmJcS0XUqqdF0Y=
26,28,wxj1gzYnsHIedR/epiSxInO5YAw=,mxtD1x/9EXl7u4CzZe+5fP06VJ8=
27,28,wxj1gzYnsHIedR/epiSxInO5YAw=,mxtD1x/9EXl7u4CzZe+5fP06VJ8=
26,26,wxj1gzYnsHIedR/epiSxInO5YAw=,6D1ZeisXqvUJ6rmJcS0XUqqdF0Y=
27,26,wxj1gzYnsHIedR/epiSxInO5YAw=,6D1ZeisXqvUJ6rmJcS0XUqqdF0Y=
24,25,wxj1gzYnsHIedR/epiSxInO5YAw=,6D1ZeisXqvUJ6rmJcS0XUqqdF0Y=
25,25,wxj1gzYnsHIedR/epiSxInO5YAw=,6D1ZeisXqvUJ6rmJcS0XUqqdF0Y=
25,24,wxj1gzYnsHIedR/epiSxInO5YAw=,6D1ZeisXqvUJ6rmJcS0XUqqdF0Y=
24,24,wxj1gzYnsHIedR/epiSxInO5YAw=,6D1ZeisXqvUJ6rmJcS0XUqqdF0Y=
26,25,wxj1gzYnsHIedR/epiSxInO5YAw=,6D1ZeisXqvUJ6rmJcS0XUqqdF0Y=
27,25,wxj1gzYnsHIedR/epiSxInO5YAw=,6D1ZeisXqvUJ6rmJcS0XUqqdF0Y=
26,24,wxj1gzYnsHIedR/epiSxInO5YAw=,6D1ZeisXqvUJ6rmJcS0XUqqdF0Y=
27,24,wxj1gzYnsHIedR/epiSxInO5YAw=,6D1ZeisXqvUJ6rmJcS0XUqqdF0Y=
26,31,wxj1gzYnsHIedR/epiSxInO5YAw=,mxtD1x/9EXl7u4CzZe+5fP06VJ8=
27,31,wxj1gzYnsHIedR/epiSxInO5YAw=,mxtD1x/9EXl7u4CzZe+5fP06VJ8=
26,30,wxj1gzYnsHIedR/epiSxInO5YAw=,mxtD1x/9EXl7u4CzZe+5fP06VJ8=
27,30,wxj1gzYnsHIedR/epiSxInO5YAw=,mxtD1x/9EXl7u4CzZe+5fP06VJ8=
16,30,wxj1gzYnsHIedR/epiSxInO5YAw=,bEa8KZhqlLEzax3haqsA40golHA=
17,30,wxj1gzYnsHIedR/epiSxInO5YAw=,bEa8KZhqlLEzax3haqsA40golHA=
16,31,wxj1gzYnsHIedR/epiSxInO5YAw=,bEa8KZhqlLEzax3haqsA40golHA=
17,31,wxj1gzYnsHIedR/epiSxInO5YAw=,bEa8KZhqlLEzax3haqsA40golHA=
19,31,/4BWX7rtaX+Qe3NjcjtOlt+WujA=,bEa8KZhqlLEzax3haqsA40golHA=
18,31,/4BWX7rtaX+Qe3NjcjtOlt+WujA=,bEa8KZhqlLEzax3haqsA40golHA=
24,31,/4BWX7rtaX+Qe3NjcjtOlt+WujA=,mxtD1x/9EXl7u4CzZe+5fP06VJ8=
25,31,/4BWX7rtaX+Qe3NjcjtOlt+WujA=,mxtD1x/9EXl7u4CzZe+5fP06VJ8=
20,30,/4BWX7rtaX+Qe3NjcjtOlt+WujA=,eIzPSa+0VnCCSy2gH7/Q/HrWw90=
20,31,/4BWX7rtaX+Qe3NjcjtOlt+WujA=,eIzPSa+0VnCCSy2gH7/Q/HrWw90=
19,30,/4BWX7rtaX+Qe3NjcjtOlt+WujA=,bEa8KZhqlLEzax3haqsA40golHA=
21,30,/4BWX7rtaX+Qe3NjcjtOlt+WujA=,eIzPSa+0VnCCSy2gH7/Q/HrWw90=
22,31,/4BWX7rtaX+Qe3NjcjtOlt+WujA=,eIzPSa+0VnCCSy2gH7/Q/HrWw90=
25,30,/4BWX7rtaX+Qe3NjcjtOlt+WujA=,mxtD1x/9EXl7u4CzZe+5fP06VJ8=
18,30,/4BWX7rtaX+Qe3NjcjtOlt+WujA=,bEa8KZhqlLEzax3haqsA40golHA=
21,31,/4BWX7rtaX+Qe3NjcjtOlt+WujA=,eIzPSa+0VnCCSy2gH7/Q/HrWw90=
22,30,/4BWX7rtaX+Qe3NjcjtOlt+WujA=,eIzPSa+0VnCCSy2gH7/Q/HrWw90=
23,30,/4BWX7rtaX+Qe3NjcjtOlt+WujA=,eIzPSa+0VnCCSy2gH7/Q/HrWw90=
24,30,/4BWX7rtaX+Qe3NjcjtOlt+WujA=,mxtD1x/9EXl7u4CzZe+5fP06VJ8=
23,31,/4BWX7rtaX+Qe3NjcjtOlt+WujA=,eIzPSa+0VnCCSy2gH7/Q/HrWw90=
